num_events,num_distinct_actors,min_time_gap_hrs,max_time_gap_hrs,avg_time_gap_hrs,negative_time_gaps_count,max_speed_kmh,hash_chain_valid_ratio,role_sequence_valid,issues,batch_id,is_broken,violation_type
4,4,5.008896643333333,9.6282409275,7.909144319259259,0,17.07436284141856,1.0,1,[],AG-2000,0,NONE
4,4,3.2681749750000004,7.548197593055555,5.26137144712963,0,33.092718305771015,1.0,1,[],AG-2001,0,NONE
4,4,4.9839655983333335,10.28487411,7.857410287777778,0,19.798667321813213,0.75,1,['Mismatched hash at step 3 (TRANSPORTER)'],AG-2002,1,broken_hash
4,4,4.399315498333333,11.614917649722223,7.347861351388889,0,19.862065226978345,0.75,1,['Mismatched hash at step 3 (TRANSPORTER)'],AG-2003,1,broken_hash
4,4,-4.144912365833333,11.758041875833333,5.959094656481482,1,16439.607912073137,1.0,1,"['Unrealistic transport speed (16439.6 km/h) between step 2 and 3', 'Backward timestamp detected between step 2 and 3']",AG-2004,1,backward_time
4,4,8.196169307222222,10.755362102777777,9.172736393796297,0,15.285034343778435,1.0,1,[],AG-2005,0,NONE
4,4,3.718127792222222,5.604491672500001,4.805912480648148,0,44.214746858519455,1.0,1,[],AG-2006,0,NONE
2,2,4.463886874444444,4.463886874444444,4.463886874444444,0,33.09065583237389,1.0,1,[],AG-2007,1,skipped_role
4,4,3.642622586111111,9.151928989722222,7.169785389907408,0,45.13124136097826,1.0,1,[],AG-2008,0,NONE
4,4,5.429530441111111,11.328520616666667,8.650502894537036,0,14.511698807244938,1.0,1,[],AG-2009,0,NONE
4,4,3.288902195,5.839077432500001,4.729804091759259,0,49.9850920987121,1.0,1,[],AG-2010,0,NONE
4,4,5.832100927222222,8.898947987777778,7.097245341481481,0,18.473653216820736,1.0,1,[],AG-2011,0,NONE
4,4,5.219647569166667,8.052313207500001,6.212211751111112,0,22.322950161167967,1.0,1,[],AG-2012,0,NONE
4,4,4.244985703888888,11.975932001944445,7.887520073240741,0,38.72712197125327,1.0,1,[],AG-2013,0,NONE
4,4,3.5717493552777775,10.128714279166665,6.833301111851852,0,33.5284895611625,1.0,1,[],AG-2014,0,NONE
4,4,7.979033065833333,11.4818777525,9.527820503518518,0,14.317874015418486,1.0,1,[],AG-2015,0,NONE
2,2,6.912887256111111,6.912887256111111,6.912887256111111,0,21.367764114236277,1.0,1,[],AG-2016,1,skipped_role
4,4,3.957697405277778,8.627701742222222,6.718178072962963,0,41.538314400060344,1.0,1,[],AG-2017,0,NONE
4,4,4.453941321666667,11.581497728888888,7.466887907962963,0,36.910248080954574,1.0,1,[],AG-2018,0,NONE
4,4,3.1752906813888893,11.361887546388887,8.481891709351851,0,14.469081695231251,1.0,1,[],AG-2019,0,NONE
4,4,3.770881068611111,11.522545007777778,8.731837489722222,0,31.757925745886247,1.0,1,[],AG-2020,0,NONE
4,4,4.131844603611111,11.521638117222222,8.197080041851853,0,18.39343715391889,1.0,1,[],AG-2021,0,NONE
4,4,4.906183848888889,9.569379621944444,7.443076089907407,0,20.932403321311803,1.0,1,[],AG-2022,0,NONE
4,4,6.942900755277777,8.848902518888888,7.81666194787037,0,23.678298871802625,1.0,1,[],AG-2023,0,NONE
4,4,3.0647175508333335,8.295961029722223,6.4486574275,0,39.07549684014337,0.75,1,['Mismatched hash at step 3 (TRANSPORTER)'],AG-2024,1,broken_hash
4,4,3.2827166224999997,7.627405078333333,5.627992700833333,0,27.519255246052776,1.0,1,[],AG-2025,0,NONE
4,4,8.1859048475,10.941447676388888,9.545841872314815,0,15.02507565570963,1.0,1,[],AG-2026,0,NONE
4,4,3.8489321683333335,8.930844745555556,6.322818337777778,0,19.350717398642892,1.0,1,[],AG-2027,0,NONE
4,4,3.5455140666666667,9.553922295833333,7.305018041388888,0,46.36734646360865,1.0,1,[],AG-2028,0,NONE
4,4,4.261640673888889,7.826571785277777,5.579868260462963,0,38.5757720325854,1.0,1,[],AG-2029,0,NONE
4,4,3.8811785538888888,10.703702032222223,7.818061544074074,0,42.35725742532734,1.0,1,[],AG-2030,0,NONE
4,4,4.4967999955555555,10.638261609722223,7.501943911481482,0,36.55845918947105,1.0,1,[],AG-2031,0,NONE
4,4,3.0193984052777774,11.338662661944443,6.957285628518519,0,25.23813820783761,1.0,1,[],AG-2032,0,NONE
4,4,8.9568418075,10.050253756388889,9.527214473518518,0,16.357405803433146,1.0,1,[],AG-2033,0,NONE
4,4,3.5263496280555557,9.621634609166668,5.565534126851852,0,33.747040717384635,1.0,1,[],AG-2034,0,NONE
4,4,3.5119162175,11.2744841775,7.5221785375,0,34.099720368263554,1.0,1,[],AG-2035,0,NONE
4,4,4.078979525555556,9.0769129825,6.0909091876851855,0,32.12846952338028,1.0,1,[],AG-2036,0,NONE
4,4,6.773024238055555,8.574433593055556,7.866836144907407,0,24.272182313631774,1.0,1,[],AG-2037,0,NONE
4,4,4.177904539166667,5.827654765277777,5.132029972407407,0,30.497197943936158,1.0,1,[],AG-2038,0,NONE
4,4,3.0838391119444446,11.421608586944444,7.698626999444445,0,53.308902686909356,1.0,1,[],AG-2039,0,NONE
4,4,4.192109133333333,7.552962246388889,5.9620502981481485,0,39.2156009998749,1.0,1,[],AG-2040,0,NONE
4,4,8.505099891666667,10.503704591666667,9.446887936388888,0,17.616647806255997,0.75,1,['Mismatched hash at step 3 (TRANSPORTER)'],AG-2041,1,broken_hash
4,4,5.694408769722222,10.353937216111111,8.33961480685185,0,28.869736221755424,1.0,1,[],AG-2042,0,NONE
4,4,3.963323799444445,7.979012768055555,5.797823492777778,0,21.96888994701149,1.0,1,[],AG-2043,0,NONE
4,4,5.260091268611111,10.676215338611112,7.828329376666666,0,22.766783855661195,1.0,1,[],AG-2044,0,NONE
4,4,3.3967808561111115,10.464132804444445,6.620974169351853,0,48.39761117499475,1.0,1,[],AG-2045,0,NONE
2,2,9.351007020833332,9.351007020833332,9.351007020833332,0,15.796474530261724,1.0,1,[],AG-2046,1,skipped_role
4,4,3.3242532425,9.219176613888889,5.628306141944445,0,37.866293205919504,1.0,1,[],AG-2047,0,NONE
4,4,3.3764597236111116,11.397792094722222,7.0187051521296295,0,26.169953471262772,1.0,1,[],AG-2048,0,NONE
4,4,3.925142595,10.021046176944445,6.397318808333334,0,41.88282976780143,1.0,1,[],AG-2049,0,NONE
4,4,4.462515903888889,11.331874403055556,6.975008765648148,0,32.042046919943616,1.0,1,[],AG-2050,0,NONE
4,4,5.989669211388889,11.377342974444444,8.998697477222223,0,27.446604030844483,1.0,1,[],AG-2051,0,NONE
4,4,3.348521468888889,9.311503693333332,6.3676335551851855,0,35.76365332764531,1.0,1,[],AG-2052,0,NONE
4,4,5.0063119247222225,10.841907322777779,8.744348892037037,0,23.920874842444928,1.0,1,[],AG-2053,0,NONE
4,4,3.6247867919444445,9.959939736944444,6.581680563518518,0,19.439810761422176,1.0,1,[],AG-2054,0,NONE
4,4,3.248404816111111,10.893345704166666,6.497562429259259,0,22.380260910739658,1.0,1,[],AG-2055,0,NONE
4,4,5.823095827777778,9.556905545833335,7.4303584001851855,0,20.56558307047836,1.0,1,[],AG-2056,0,NONE
4,4,5.292502555277778,9.379067554444443,7.62028750037037,0,31.062068918000364,1.0,1,[],AG-2057,0,NONE
4,4,5.825240805555556,8.978139164166667,6.925060098055556,0,27.528730062826593,0.75,1,['Mismatched hash at step 3 (TRANSPORTER)'],AG-2058,1,broken_hash
4,4,5.660896822777778,6.675536177500001,6.31934549462963,0,24.82723097624648,1.0,1,[],AG-2059,0,NONE
4,4,0.1,11.125249911666668,5.644599594259259,0,1643.9607912073136,1.0,1,['Unrealistic transport speed (1644.0 km/h) between step 2 and 3'],AG-2060,1,impossible_speed
4,4,6.868993349999999,8.892350613333333,7.993735664722223,0,19.999856263306228,1.0,1,[],AG-2061,0,NONE
4,4,7.2586756730555555,11.110627432500001,9.511175315555557,0,14.796291219328612,1.0,1,[],AG-2062,0,NONE
4,4,6.016694298611111,10.365811180833335,8.35965772712963,0,27.32332256911913,1.0,1,[],AG-2063,0,NONE
4,4,3.2198284894444447,5.203582896666667,4.4051935935185185,0,51.05740248577544,1.0,1,[],AG-2064,0,NONE
4,4,4.749917130555555,9.267188254444445,7.561664603888889,0,34.61030468577953,1.0,1,[],AG-2065,0,NONE
4,4,3.0499033633333332,9.930415697222221,7.57966645,0,16.846138437238455,1.0,1,[],AG-2066,0,NONE
4,4,0.1,9.263205987777777,5.7932860447222225,0,1643.9607912073136,1.0,1,['Unrealistic transport speed (1644.0 km/h) between step 2 and 3'],AG-2067,1,impossible_speed
4,4,7.1817891375,8.030327613333334,7.664101241203704,0,21.130093620621132,1.0,1,[],AG-2068,0,NONE
4,4,6.840666811666667,11.161692574166665,9.676847350925925,0,24.032171664954653,1.0,1,[],AG-2069,0,NONE
4,4,7.050627815277778,10.558765990555557,9.125128294814816,0,16.8335274727807,1.0,1,[],AG-2070,0,NONE
4,4,3.6973501847222225,5.571553357777778,4.913426854907407,0,44.463215791685215,1.0,1,[],AG-2071,0,NONE
4,4,4.357475922222222,6.447317631944445,5.060013651111112,0,27.37110614506716,1.0,1,[],AG-2072,0,NONE
4,4,3.5603913952777777,10.496020524166665,7.083243549907407,0,46.173597469866195,1.0,1,[],AG-2073,0,NONE
4,4,7.292817593055556,10.925910054722221,8.799980256388888,0,20.09434012798613,1.0,1,[],AG-2074,0,NONE
4,4,7.843985108611111,11.024773877777779,9.796772341203704,0,15.624689664700389,1.0,1,[],AG-2075,0,NONE
4,4,5.4564178058333335,7.370777944166666,6.442303526388888,0,22.303762284798808,1.0,1,[],AG-2076,0,NONE
4,4,4.148650175555556,8.600312648888888,6.6518247225,0,39.626401881117076,1.0,1,[],AG-2077,0,NONE
4,4,0.1,10.801662200277777,4.885729786574074,0,1643.9607912073136,1.0,1,['Unrealistic transport speed (1644.0 km/h) between step 2 and 3'],AG-2078,1,impossible_speed
4,4,6.037504932777778,10.91675987388889,8.015519577314814,0,27.229141996757733,1.0,1,[],AG-2079,0,NONE
4,4,3.4687704741666665,9.741218349722221,6.814250116574073,0,34.52386425258931,1.0,1,[],AG-2080,0,NONE
4,4,3.27926999,11.615570425,6.085721217592592,0,48.89359752020267,1.0,1,[],AG-2081,0,NONE
4,4,4.135988773888888,9.025129601666666,7.078948204351851,0,18.215370457436137,1.0,1,[],AG-2082,0,NONE
4,4,4.510102290277778,9.7313308675,7.568886867592593,0,19.4201609098917,1.0,1,[],AG-2083,0,NONE
4,4,8.182170555833332,11.359984515555556,10.23813014361111,0,20.091988794284926,0.75,1,['Mismatched hash at step 3 (TRANSPORTER)'],AG-2084,1,broken_hash
4,4,5.185644424722223,10.475144703888889,8.311842050370371,0,31.70215033197875,1.0,1,[],AG-2085,0,NONE
4,4,3.3696221719444446,10.166044949444444,7.209686706574074,0,35.539699961202146,1.0,1,[],AG-2086,0,NONE
4,4,3.113869351388889,8.827889286388888,6.240762435092592,0,52.794790201266885,1.0,1,[],AG-2087,0,NONE
4,4,6.919384305,10.458365798888888,8.914509299074075,0,17.55284854587842,1.0,1,[],AG-2088,0,NONE
4,4,7.183863944722222,11.276558912222223,9.47739863675926,0,16.670048583186304,1.0,1,[],AG-2089,0,NONE
4,4,5.209456521944444,11.4115969075,7.377135890740742,0,21.732788074465244,1.0,1,[],AG-2090,0,NONE
4,4,3.25829998,10.658575526944444,6.775926414722222,0,50.454556096683085,1.0,1,[],AG-2091,0,NONE
4,4,6.063049588611111,10.922879817777778,8.765527719814814,0,15.050616857759879,1.0,1,[],AG-2092,0,NONE
4,4,3.7705166575,9.480671976944445,6.882796418703703,0,17.3401294254793,1.0,1,[],AG-2093,0,NONE
4,4,3.8374801549999997,10.136395813055556,7.130422661296296,0,31.20677010341956,1.0,1,[],AG-2094,0,NONE
4,4,7.259344398888889,8.234000268055556,7.7572140157407405,0,22.64613305106364,1.0,1,[],AG-2095,0,NONE
4,4,5.074842371666667,7.083707365555556,5.9727188864814815,0,28.542933804465708,1.0,1,[],AG-2096,0,NONE
4,4,4.723868757222222,11.557898043611111,8.497746262685185,0,25.351119416776438,1.0,1,[],AG-2097,0,NONE
4,4,8.371116664722223,11.824595674166666,10.012527799074073,0,19.63848859179488,1.0,1,[],AG-2098,0,NONE
4,4,4.1392466386111115,9.37216637138889,6.410607102962963,0,28.931680431031946,1.0,1,[],AG-2099,0,NONE
4,4,-3.9635147780555555,10.854477615,3.6758260912037035,1,16439.607912073137,1.0,1,"['Unrealistic transport speed (16439.6 km/h) between step 2 and 3', 'Backward timestamp detected between step 2 and 3']",AG-2100,1,backward_time
4,4,3.462390454722222,11.469572370833333,6.530411953055555,0,47.480514191147286,1.0,1,[],AG-2101,0,NONE
4,4,4.3655430625,9.178059164166667,7.245597544999999,0,27.431950449010117,1.0,1,[],AG-2102,0,NONE
4,4,4.0660640599999995,9.879991008055555,7.467637976388889,0,16.639294406917234,1.0,1,[],AG-2103,0,NONE
4,4,6.984489036111111,10.7414999925,8.260206404166667,0,23.53730935373697,1.0,1,[],AG-2104,0,NONE
4,4,8.486678210277779,11.528311803055555,9.891931254259259,0,17.016811787547717,1.0,1,[],AG-2105,0,NONE
4,4,3.67558382,4.564321935,4.217806531851852,0,36.01763448369279,1.0,1,[],AG-2106,0,NONE
4,4,0.1,5.544465358055556,2.979408018796297,0,1643.9607912073136,1.0,1,['Unrealistic transport speed (1644.0 km/h) between step 2 and 3'],AG-2107,1,impossible_speed
4,4,5.380991630833333,10.121229705277777,7.936775879629629,0,16.242698160976037,1.0,1,[],AG-2108,0,NONE
4,4,4.340904609722222,5.3906922447222225,4.918293968981481,0,37.87138716490967,1.0,1,[],AG-2109,0,NONE
4,4,-3.1544423533333332,9.74061949861111,3.568453356296296,1,16439.607912073137,1.0,1,"['Unrealistic transport speed (16439.6 km/h) between step 2 and 3', 'Backward timestamp detected between step 2 and 3']",AG-2110,1,backward_time
4,4,3.7239766672222223,7.504249594166667,6.224127745185185,0,32.157924626001325,1.0,1,[],AG-2111,0,NONE
4,4,0.1,10.523627525277778,4.815189835,0,1643.9607912073136,1.0,1,['Unrealistic transport speed (1644.0 km/h) between step 2 and 3'],AG-2112,1,impossible_speed
4,4,3.3620850583333333,9.806419473611111,6.198034588518518,0,48.897061278463454,1.0,1,[],AG-2113,0,NONE
4,4,4.6334023250000005,8.713062475,7.204810475833334,0,19.88349572843403,1.0,1,[],AG-2114,0,NONE
4,4,5.999775543055555,10.719597849722222,8.583524992777777,0,18.20312364455084,1.0,1,[],AG-2115,0,NONE
4,4,7.950869480833334,11.506741856111113,9.926568549907408,0,15.926620522854993,1.0,1,[],AG-2116,0,NONE
4,4,6.637575513055555,11.73166254138889,8.666868108425925,0,24.76748909257274,1.0,1,[],AG-2117,0,NONE
4,4,3.487836768333333,8.603704853333333,6.585832051296296,0,21.444958801898334,1.0,1,[],AG-2118,0,NONE
4,4,4.179119060555555,5.592262305,5.058295836666667,0,39.337495950373146,1.0,1,[],AG-2119,0,NONE
4,4,8.670200493055557,10.193823599444444,9.417356506111112,0,16.127028049581988,1.0,1,[],AG-2120,0,NONE
4,4,4.021150061111111,10.572651134444445,6.538702376851852,0,29.78137079033291,1.0,1,[],AG-2121,0,NONE
4,4,5.460824070555556,9.44942993388889,7.496700713333333,0,21.929906443833957,1.0,1,[],AG-2122,0,NONE
4,4,4.301777716388889,8.394398388055556,5.8038898143518525,0,34.86296497858105,1.0,1,[],AG-2123,0,NONE
4,4,6.734481811944445,11.408235543055556,9.417590997685187,0,24.411095569246974,1.0,1,[],AG-2124,0,NONE
4,4,8.219310455,10.537283303333334,9.23202017861111,0,20.001200833182466,1.0,1,[],AG-2125,0,NONE
4,4,5.9919596013888885,9.865854098611111,7.417568062685185,0,18.7267258442033,1.0,1,[],AG-2126,0,NONE
4,4,6.446737640277778,10.704116783888889,7.94927676138889,0,17.88200577051503,1.0,1,[],AG-2127,0,NONE
4,4,6.4310803225,11.8957260175,9.486116428796295,0,13.819760044816565,1.0,1,[],AG-2128,0,NONE
4,4,4.136216428333333,11.688182311666667,7.270783691759259,0,19.999384475388357,1.0,1,[],AG-2129,0,NONE
4,4,0.1,10.838396742222223,4.692175041111111,0,1643.9607912073136,1.0,1,['Unrealistic transport speed (1644.0 km/h) between step 2 and 3'],AG-2130,1,impossible_speed
4,4,5.385205015833333,8.609334604722221,6.8572965118518505,0,19.095096969579984,1.0,1,[],AG-2131,0,NONE
2,2,5.849950385277777,5.849950385277777,5.849950385277777,0,25.25029008940532,1.0,1,[],AG-2132,1,skipped_role
4,4,3.615786724722222,11.28836188888889,7.861532588425926,0,18.938660459656855,1.0,1,[],AG-2133,0,NONE
4,4,3.9045651627777778,9.843327236944445,7.694303287870372,0,30.670601201677407,1.0,1,[],AG-2134,0,NONE
4,4,5.640309983611111,10.165291186388888,7.393056992685185,0,29.1466390319703,1.0,1,[],AG-2135,0,NONE
4,4,0.1,10.837556387777777,5.155803076481481,0,1643.9607912073136,1.0,1,['Unrealistic transport speed (1644.0 km/h) between step 2 and 3'],AG-2136,1,impossible_speed
4,4,4.2880594811111115,7.1503492202777785,5.5747349187037045,0,22.991335675538497,1.0,1,[],AG-2137,0,NONE
4,4,3.6647571025,7.919383238333333,5.724275110833333,0,32.67757115248537,1.0,1,[],AG-2138,0,NONE
4,4,5.250884019722222,10.60773532638889,7.559133264074075,0,31.30826704670352,1.0,1,[],AG-2139,0,NONE
4,4,5.662851511944445,6.432278678888889,6.108587536388889,0,26.38513526123029,1.0,1,[],AG-2140,0,NONE
4,4,3.072881691944444,10.785606579166668,7.954430937685185,0,15.242172789639538,1.0,1,[],AG-2141,0,NONE
4,4,5.575747363055555,11.137397618055555,8.967628685555555,0,29.48413341142504,1.0,1,[],AG-2142,0,NONE
4,4,8.588020468055555,9.488355389999999,9.058751995185185,0,18.06574117651545,1.0,1,[],AG-2143,0,NONE
4,4,3.354803165555556,10.09749435611111,7.366473497314814,0,49.0031966133272,1.0,1,[],AG-2144,0,NONE
2,2,5.940472131388889,5.940472131388889,5.940472131388889,0,24.865522633527927,1.0,1,[],AG-2145,1,skipped_role
4,4,6.2927177755555554,10.888145370277778,8.232338668703704,0,26.124813631295833,1.0,1,[],AG-2146,0,NONE
4,4,5.6562730425000005,11.706456685555555,9.620140024351851,0,21.172132263365686,1.0,1,[],AG-2147,0,NONE
4,4,4.2668131350000005,11.698501885277777,8.902193464166666,0,14.052746303150068,1.0,1,[],AG-2148,0,NONE
4,4,3.8127258800000003,6.551171043055556,5.248008042777777,0,25.094151570809057,1.0,1,[],AG-2149,0,NONE
2,2,8.261040825,8.261040825,8.261040825,0,17.880669925982637,1.0,1,[],AG-2150,1,skipped_role
4,4,7.243291811944445,11.488522224444445,9.102578613240741,0,19.169493716329487,1.0,1,[],AG-2151,0,NONE
4,4,7.178407826944445,9.309694489166667,8.4022458725,0,22.901468275968387,1.0,1,[],AG-2152,0,NONE
4,4,3.334909153888889,11.963346372777778,6.447779951018518,0,29.605158090839453,1.0,1,[],AG-2153,0,NONE
4,4,6.339103639444445,11.544426915833332,9.050628826666665,0,14.24029796535504,1.0,1,[],AG-2154,0,NONE
4,4,8.8942970775,10.968724055000001,10.122086294074075,0,18.483313261101422,1.0,1,[],AG-2155,0,NONE
4,4,4.955427162222223,7.002262738055555,5.694234548148148,0,23.477565077254184,1.0,1,[],AG-2156,0,NONE
4,4,6.228064570833333,11.800582765,8.203968040185186,0,26.39601392230503,1.0,1,[],AG-2157,0,NONE
4,4,4.908952338888889,11.73983980861111,8.468076138055556,0,18.776457747355582,1.0,1,[],AG-2158,0,NONE
2,2,4.846850176388889,4.846850176388889,4.846850176388889,0,30.476069789915552,1.0,1,[],AG-2159,1,skipped_role
4,4,5.09698811138889,10.31747683,8.461260713888889,0,32.2535731942162,1.0,1,[],AG-2160,0,NONE
4,4,7.861939111666667,11.887745739166666,10.535312679166665,0,15.232293111480573,1.0,1,[],AG-2161,0,NONE
4,4,4.186229066111111,10.09588381,6.835431129722221,0,26.412485752285253,1.0,1,[],AG-2162,0,NONE
4,4,4.022843761111111,6.788645012222222,4.984105222222222,0,29.768832220429903,1.0,1,[],AG-2163,0,NONE
4,4,0.1,8.535961526666666,5.234670101944444,0,1643.9607912073136,1.0,1,['Unrealistic transport speed (1644.0 km/h) between step 2 and 3'],AG-2164,1,impossible_speed
4,4,3.2803557555555556,11.987280795833334,8.01923423638889,0,50.11532021864181,1.0,1,[],AG-2165,0,NONE
4,4,6.992060964166667,11.09340088611111,9.165691228148148,0,23.511820043223057,1.0,1,[],AG-2166,0,NONE
4,4,8.268282196944444,9.409375167777778,8.765504937777779,0,19.882736849678906,1.0,1,[],AG-2167,0,NONE
4,4,6.8717939325,10.137864837777776,8.186539480185184,0,23.923313291340662,1.0,1,[],AG-2168,0,NONE
4,4,6.588571658333334,10.446773023055556,7.919888940648149,0,18.176225012602135,0.75,1,['Mismatched hash at step 3 (TRANSPORTER)'],AG-2169,1,broken_hash
4,4,5.294008168333333,11.582332658611111,8.685910048703704,0,14.193693443825229,1.0,1,[],AG-2170,0,NONE
4,4,3.869079893055556,10.3059235675,7.941389148981481,0,17.03733912623192,1.0,1,[],AG-2171,0,NONE
4,4,6.6972776963888885,10.86246635,8.86328780962963,0,24.546701894916534,1.0,1,[],AG-2172,0,NONE
4,4,3.9324050933333337,5.812040091666667,5.111036617962963,0,30.453465024888445,1.0,1,[],AG-2173,0,NONE
4,4,6.151025948055556,10.625473633333334,8.260962955462963,0,26.726611220474492,1.0,1,[],AG-2174,0,NONE
2,2,10.606396451944445,10.606396451944445,10.606396451944445,0,13.926779458617393,1.0,1,[],AG-2175,1,skipped_role
4,4,8.010657796666667,8.920481051944444,8.470697696203702,0,19.384148819641712,1.0,1,[],AG-2176,0,NONE
4,4,6.159210786666667,11.293837689166667,9.104911379259258,0,19.443296409462686,1.0,1,[],AG-2177,0,NONE
4,4,3.6262687911111113,11.746292868888888,8.347094397314814,0,17.00287660344586,1.0,1,[],AG-2178,0,NONE
4,4,4.4166834825,5.919446028611111,5.380288612777778,0,28.321024393437156,0.75,1,['Mismatched hash at step 3 (TRANSPORTER)'],AG-2179,1,broken_hash
4,4,3.4478624319444444,9.789922912222222,5.879334824907407,0,34.733219012448544,1.0,1,[],AG-2180,0,NONE
4,4,0.1,9.794488293055554,5.624295324444444,0,1643.9607912073136,1.0,1,['Unrealistic transport speed (1644.0 km/h) between step 2 and 3'],AG-2181,1,impossible_speed
4,4,0.1,8.33820825361111,4.737994260092592,0,1643.9607912073136,1.0,1,['Unrealistic transport speed (1644.0 km/h) between step 2 and 3'],AG-2182,1,impossible_speed
4,4,4.235113247222222,5.712774258055555,4.949664439444445,0,33.54265045304948,1.0,1,[],AG-2183,0,NONE
4,4,4.581253216944444,9.723127110833332,6.908749113055554,0,35.88452140403157,1.0,1,[],AG-2184,0,NONE
4,4,3.6486794694444447,10.755879258333334,8.220120135648148,0,45.05632256750759,1.0,1,[],AG-2185,0,NONE
4,4,-4.837995846388889,8.181832446666666,3.3676940796296293,1,16439.607912073137,1.0,1,"['Unrealistic transport speed (16439.6 km/h) between step 2 and 3', 'Backward timestamp detected between step 2 and 3']",AG-2186,1,backward_time
4,4,-5.679079006944444,8.563127369722222,2.2257390981481486,1,16439.607912073137,1.0,1,"['Unrealistic transport speed (16439.6 km/h) between step 2 and 3', 'Backward timestamp detected between step 2 and 3']",AG-2187,1,backward_time
4,4,5.792471056388889,7.715662886944445,6.690011405,0,25.05312063802155,1.0,1,[],AG-2188,0,NONE
4,4,4.026239758611111,7.594349560833333,6.403385960092592,0,40.8311697705358,1.0,1,[],AG-2189,0,NONE
4,4,5.1264196405555555,10.370537413611112,8.610763368611112,0,23.36042879247042,1.0,1,[],AG-2190,0,NONE
4,4,3.6781794622222224,11.561629265277778,8.357393382592592,0,44.69495869062605,0.75,1,['Mismatched hash at step 3 (TRANSPORTER)'],AG-2191,1,broken_hash
4,4,8.215212807222223,10.938433409444444,9.427949173796295,0,18.00574528797128,1.0,1,[],AG-2192,0,NONE
4,4,3.6145763263888893,8.644956662222222,5.53938320037037,0,37.71749014337777,1.0,1,[],AG-2193,0,NONE
4,4,3.5055490819444444,7.5660319675,5.621750568333333,0,21.72817664885598,1.0,1,[],AG-2194,0,NONE
4,4,3.6905790105555556,10.778250305277778,8.38882321962963,0,15.252575739517912,1.0,1,[],AG-2195,0,NONE
4,4,7.988847341944444,11.06289089,9.726032802407408,0,16.234468878766876,1.0,1,[],AG-2196,0,NONE
4,4,7.512305716944445,11.619501229722221,9.192286484444445,0,21.883571477918743,1.0,1,[],AG-2197,0,NONE
4,4,3.3522791358333337,9.36859533888889,7.178672764999999,0,49.04009256373116,1.0,1,[],AG-2198,0,NONE
4,4,6.275081637222222,11.261431101944444,8.007753925000001,0,18.461537560954095,1.0,1,[],AG-2199,0,NONE
4,4,5.967216796111112,8.67797917,6.8856800304629635,0,27.345366196289305,1.0,1,[],AG-2200,0,NONE
4,4,8.424307323055556,11.679690257777777,10.256031306851852,0,14.21545491886017,1.0,1,[],AG-2201,0,NONE
4,4,5.792085638055555,11.250718095555555,8.649098731944443,0,28.382881295919567,1.0,1,[],AG-2202,0,NONE
4,4,3.7624711080555557,8.791439370277779,6.8614030363888885,0,20.471975785497207,1.0,1,[],AG-2203,0,NONE
4,4,11.212031869166665,11.974477016666667,11.570162168518516,0,13.728873410664768,1.0,1,[],AG-2204,0,NONE
4,4,0.1,6.075591106111111,3.985128578888889,0,1643.9607912073136,1.0,1,['Unrealistic transport speed (1644.0 km/h) between step 2 and 3'],AG-2205,1,impossible_speed
4,4,4.394506556388889,10.093081563055556,6.716572344814815,0,29.034322882549798,1.0,1,[],AG-2206,0,NONE
4,4,3.339727431111111,9.89676844,6.422458406296296,0,27.259056207335178,1.0,1,[],AG-2207,0,NONE
4,4,0.1,11.123903844444445,6.819838204074074,0,1643.9607912073136,1.0,1,['Unrealistic transport speed (1644.0 km/h) between step 2 and 3'],AG-2208,1,impossible_speed
4,4,8.495358799166667,11.726297430555555,9.899309097962963,0,14.096563053377686,1.0,1,[],AG-2209,0,NONE
4,4,5.7852110691666665,10.277614839722222,7.761322118055555,0,16.583995544891135,1.0,1,[],AG-2210,0,NONE
4,4,5.535945594444444,11.859958141666667,8.183674513981481,0,22.976006493518764,1.0,1,[],AG-2211,0,NONE
4,4,4.245586811388889,10.352021156111112,8.269646995,0,28.207022089920105,1.0,1,[],AG-2212,0,NONE
4,4,3.9233075858333333,10.613030490555555,7.50906826175926,0,41.90241920219281,1.0,1,[],AG-2213,0,NONE
4,4,4.326137903888889,11.147755880833333,6.976338493703704,0,27.681817739991214,1.0,1,[],AG-2214,0,NONE
4,4,6.568085689166667,11.374247344166665,8.225468395277778,0,24.41258058984413,1.0,1,[],AG-2215,0,NONE
4,4,3.253687909722222,11.377433142777779,8.394569213703704,0,14.449311813806395,1.0,1,[],AG-2216,0,NONE
4,4,7.2520943975,11.256565544444443,9.66288477175926,0,22.668772648271556,1.0,1,[],AG-2217,0,NONE
4,4,3.1710349641666666,11.152717401944445,6.4215483554629635,0,51.84303578435437,1.0,1,[],AG-2218,0,NONE
4,4,0.1,6.778429893888889,4.196263548425926,0,1643.9607912073136,1.0,1,['Unrealistic transport speed (1644.0 km/h) between step 2 and 3'],AG-2219,1,impossible_speed
4,4,3.1479181697222223,11.146321970833334,7.554963841944445,0,38.04271728705301,1.0,1,[],AG-2220,0,NONE
4,4,5.165078149166667,8.533286245000001,6.853838144074075,0,23.18558548680259,1.0,1,[],AG-2221,0,NONE
4,4,3.6091139061111113,11.771890418611111,7.7051797775,0,45.5502606449657,1.0,1,[],AG-2222,0,NONE
4,4,3.391809826388889,10.859982946666666,6.911241555555556,0,48.46854261748415,1.0,1,[],AG-2223,0,NONE
4,4,6.103222438333333,9.596469193055556,8.118001431203703,0,17.130892186857213,1.0,1,[],AG-2224,0,NONE
4,4,4.575802143333334,10.32157979,7.603835213425927,0,26.171446496653303,1.0,1,[],AG-2225,0,NONE
4,4,4.213673230833334,9.444405518333333,6.0995269116666675,0,39.014909347448125,1.0,1,[],AG-2226,0,NONE
4,4,5.840362380555556,10.972113470555556,8.977486256759258,0,20.50478260941889,1.0,1,[],AG-2227,0,NONE
4,4,3.3295869438888888,8.822104489166668,5.908896497685187,0,21.48078971233218,1.0,1,[],AG-2228,0,NONE
4,4,4.120275074166666,11.005378653055555,7.145942098703704,0,26.0442941517471,1.0,1,[],AG-2229,0,NONE
4,4,7.465829038888889,11.318794199722223,8.754111257037037,0,21.984814523940837,1.0,1,[],AG-2230,0,NONE
4,4,4.624108373333333,11.955883483611112,7.818485408333333,0,25.89804375350162,1.0,1,[],AG-2231,0,NONE
4,4,5.660759544166666,9.458966201666666,7.377655871203703,0,23.44081128529823,1.0,1,[],AG-2232,0,NONE
4,4,8.533663339722223,11.2044650775,9.759819326203704,0,14.672371950255773,1.0,1,[],AG-2233,0,NONE
4,4,3.675370485,8.737612840833334,6.227594500555555,0,19.10034731810299,1.0,1,[],AG-2234,0,NONE
4,4,4.285015215277778,10.031807727777778,7.594993024351852,0,19.413444508696298,1.0,1,[],AG-2235,0,NONE
4,4,-2.1295412958333335,6.259355242777778,2.836919139166666,1,16439.607912073137,1.0,1,"['Unrealistic transport speed (16439.6 km/h) between step 2 and 3', 'Backward timestamp detected between step 2 and 3']",AG-2236,1,backward_time
4,4,3.6919688594444446,6.302549537777778,4.744591455925926,0,38.77946513788532,1.0,1,[],AG-2237,0,NONE
4,4,3.233220067777778,7.659707467777778,5.189119993611111,0,35.16920632510332,1.0,1,[],AG-2238,0,NONE
4,4,4.931133828888889,9.336340300833335,7.5914562582407425,0,33.33839332399016,1.0,1,[],AG-2239,0,NONE
4,4,7.068384167222223,11.088111276944446,9.610644019166667,0,23.257943432542202,1.0,1,[],AG-2240,0,NONE
4,4,5.876289948888889,10.609690970833334,7.5376028575000005,0,27.976168730716903,1.0,1,[],AG-2241,0,NONE
2,2,11.345920110555555,11.345920110555555,11.345920110555555,0,13.0190361643274,1.0,1,[],AG-2242,1,skipped_role
4,4,5.130625658611111,11.866192920555555,9.041803213888889,0,23.341278226472344,1.0,1,[],AG-2243,0,NONE
4,4,4.1679410675,11.847107618888888,7.740567079999999,0,28.7324986208001,1.0,1,[],AG-2244,0,NONE
4,4,6.697156086111112,9.452402386666666,7.819181487314815,0,22.49540151889064,1.0,1,[],AG-2245,0,NONE
4,4,3.667485177777778,7.1924987966666665,5.571077669537036,0,44.825287943043065,1.0,1,[],AG-2246,0,NONE
4,4,4.161296620277778,9.910034736111111,7.453801756666667,0,28.77837652571036,1.0,1,[],AG-2247,0,NONE
4,4,4.457702636111111,11.412640529722221,7.2024880170370364,0,36.87910400056432,1.0,1,[],AG-2248,0,NONE
4,4,5.255447780833333,8.7155138225,7.309511447592592,0,18.862465537754744,1.0,1,[],AG-2249,0,NONE
2,2,8.768886845555556,8.768886845555556,8.768886845555556,0,16.84511920823331,1.0,1,[],AG-2250,1,skipped_role
4,4,6.038576279444444,11.118008043333333,8.592299003240742,0,19.831721159368627,1.0,1,[],AG-2251,0,NONE
4,4,5.381903170555556,11.536921685833333,8.952675391851852,0,22.25148932977884,1.0,1,[],AG-2252,0,NONE
4,4,3.272573087222222,11.000971933055554,7.39458079074074,0,15.139364499430878,1.0,1,[],AG-2253,0,NONE
4,4,6.654832740833333,10.266143829722223,8.000957922407407,0,24.703262354291013,1.0,1,[],AG-2254,0,NONE
4,4,4.293018220555556,7.17997942,5.8449102519444445,0,27.895376823726224,1.0,1,[],AG-2255,0,NONE
4,4,6.108335046388889,9.845984953055556,7.514256487962963,0,24.952165150225326,1.0,1,[],AG-2256,0,NONE
4,4,4.102697181666667,7.046364108055556,5.138986668240741,0,28.05956021229521,1.0,1,[],AG-2257,0,NONE
4,4,0.1,10.787767515555556,5.611563300925926,0,1643.9607912073136,1.0,1,['Unrealistic transport speed (1644.0 km/h) between step 2 and 3'],AG-2258,1,impossible_speed
4,4,7.484389878611111,7.632523553055556,7.535250269074074,0,21.538889199355054,1.0,1,[],AG-2259,0,NONE
4,4,4.936299802777778,11.700179675,8.061826548333334,0,24.260147429888793,1.0,1,[],AG-2260,0,NONE
4,4,7.235281680277778,10.941055287222223,9.021559099814816,0,18.49570031987822,1.0,1,[],AG-2261,0,NONE
4,4,5.380256098055556,6.629286649166667,6.100513835092593,0,26.12779904164117,1.0,1,[],AG-2262,0,NONE
4,4,-4.0170221163888895,9.8796370325,4.613873751944444,1,16439.607912073137,1.0,1,"['Unrealistic transport speed (16439.6 km/h) between step 2 and 3', 'Backward timestamp detected between step 2 and 3']",AG-2263,1,backward_time
4,4,3.8701333741666666,6.358785026944444,4.795629639074074,0,42.47814305782933,1.0,1,[],AG-2264,0,NONE
4,4,4.791520933888889,7.582102646111111,6.624774904074074,0,21.682122597621483,1.0,1,[],AG-2265,0,NONE
4,4,7.112897033611111,8.456344701666668,7.7362644415740744,0,19.440560303594346,0.75,1,['Mismatched hash at step 3 (TRANSPORTER)'],AG-2266,1,broken_hash
4,4,5.693109082777777,11.915541638055554,9.087508322037037,0,21.03514252621503,1.0,1,[],AG-2267,0,NONE
4,4,3.1497325994444445,8.066318345833333,6.163361448425927,0,38.02080246260985,1.0,1,[],AG-2268,0,NONE
4,4,9.192392860833333,10.170793325277778,9.630368033055555,0,17.254145199495152,1.0,1,[],AG-2269,0,NONE
4,4,0.1,9.985458226666667,6.526019745740741,0,1643.9607912073136,1.0,1,['Unrealistic transport speed (1644.0 km/h) between step 2 and 3'],AG-2270,1,impossible_speed
4,4,4.329981374722222,10.570504124722223,7.826035916296296,0,27.6572462118737,1.0,1,[],AG-2271,0,NONE
4,4,3.1704363075,5.823232351111111,4.327576116851851,0,51.852825029739655,1.0,1,[],AG-2272,0,NONE
4,4,9.974750716388888,11.284688549166667,10.704932881944444,0,14.568065250934323,1.0,1,[],AG-2273,0,NONE
4,4,4.866075344722223,8.9600411975,6.583854117314815,0,27.744086166647104,1.0,1,[],AG-2274,0,NONE
4,4,7.798143581111111,9.082817188888889,8.26580658111111,0,20.76636532501477,1.0,1,[],AG-2275,0,NONE
4,4,5.379259649722223,11.616036565833333,8.117639043611112,0,22.343646270137416,1.0,1,[],AG-2276,0,NONE
4,4,9.344108431666665,11.840342668333333,10.375006507222222,0,16.537895233678018,1.0,1,[],AG-2277,0,NONE
4,4,8.044388312222221,11.410368503333332,9.649912074259259,0,14.407604721329205,1.0,1,[],AG-2278,0,NONE
4,4,6.106212076388888,11.06184415388889,7.906282777037037,0,25.095603186646446,1.0,1,[],AG-2279,0,NONE
4,4,3.7112649241666666,11.597823459166666,8.87505835675926,0,44.29650873216633,1.0,1,[],AG-2280,0,NONE
4,4,7.847201313333334,11.397215404166667,9.503319474444446,0,14.424231997987016,1.0,1,[],AG-2281,0,NONE
4,4,3.4724199616666667,8.741501160555556,6.6644315099074065,0,34.48757992856387,0.75,1,['Mismatched hash at step 3 (TRANSPORTER)'],AG-2282,1,broken_hash
4,4,4.2372033077777775,11.80119640638889,9.239689539722223,0,14.074200754920838,1.0,1,[],AG-2283,0,NONE
4,4,4.7951037719444445,11.675226349999999,7.453613147037037,0,20.330221799982098,1.0,1,[],AG-2284,0,NONE
4,4,7.816370491944444,11.430024417777778,9.58481800462963,0,17.290182709180776,1.0,1,[],AG-2285,0,NONE
4,4,4.582098367777777,11.974546227777777,9.277785967407405,0,14.578368239932308,1.0,1,[],AG-2286,0,NONE
4,4,10.89068851138889,11.659182420833332,11.294742737777776,0,14.504225960363899,1.0,1,[],AG-2287,0,NONE
4,4,-5.557039854999999,8.771811685555555,2.474190448240741,1,16439.607912073137,1.0,1,"['Unrealistic transport speed (16439.6 km/h) between step 2 and 3', 'Backward timestamp detected between step 2 and 3']",AG-2288,1,backward_time
4,4,5.976156871388889,9.580073104166667,8.130266007962964,0,17.1602113400607,1.0,1,[],AG-2289,0,NONE
4,4,4.738451589444445,9.069610259166668,6.487760055833334,0,25.273100022862206,1.0,1,[],AG-2290,0,NONE
4,4,3.7806399286111114,9.023302680555556,6.813822846574074,0,43.483664730040914,1.0,1,[],AG-2291,0,NONE
4,4,5.119691275277778,5.347067493611111,5.233060840648148,0,30.745091457543474,1.0,1,[],AG-2292,0,NONE
4,4,5.353978357222222,8.155896128055556,6.581947766759259,0,30.705405990102687,1.0,1,[],AG-2293,0,NONE
4,4,4.4374514269444445,11.307954125555556,8.30668937712963,0,17.918487759867112,1.0,1,[],AG-2294,0,NONE
4,4,5.655338401388889,11.245173472777777,8.4773803025,0,29.069185157931045,1.0,1,[],AG-2295,0,NONE
4,4,6.742610538888888,9.729613534444443,8.307958202037037,0,19.451357871833327,1.0,1,[],AG-2296,0,NONE
4,4,4.96570460388889,8.976849954166667,6.389914473981482,0,33.10629452102017,1.0,1,[],AG-2297,0,NONE
4,4,3.7029244994444444,9.333895126388889,7.038112708796295,0,44.39628168097837,1.0,1,[],AG-2298,0,NONE
4,4,4.046160199722222,7.683073870555555,5.894097603333333,0,29.597286084159823,0.75,1,['Mismatched hash at step 3 (TRANSPORTER)'],AG-2299,1,broken_hash
4,4,7.080890701666667,10.278228748611111,8.317499212222222,0,16.912471328689257,1.0,1,[],AG-2300,0,NONE
4,4,7.161404751666667,10.262238173055556,8.977721214351853,0,16.01951507541194,1.0,1,[],AG-2301,0,NONE
4,4,3.657265733333333,9.303463902777779,6.59133536638889,0,24.128784441987037,1.0,1,[],AG-2302,0,NONE
4,4,4.619831941388889,7.2486408075,5.817429703611111,0,29.441526809718354,1.0,1,[],AG-2303,0,NONE
4,4,0.1,11.25403569,5.025428541203703,0,1643.9607912073136,1.0,1,['Unrealistic transport speed (1644.0 km/h) between step 2 and 3'],AG-2304,1,impossible_speed
4,4,4.606262661111112,7.8353263775,6.190506007592592,0,35.68968841240073,1.0,1,[],AG-2305,0,NONE
4,4,7.167035110833334,11.806416144166667,9.481765676666667,0,22.93780853288111,1.0,1,[],AG-2306,0,NONE
4,4,5.480847550277778,11.436693250277777,7.677659471851851,0,29.994645465444396,1.0,1,[],AG-2307,0,NONE
4,4,6.7731653863888885,10.953809596666668,9.20715206351852,0,16.6149266114245,1.0,1,[],AG-2308,0,NONE
4,4,7.0179695961111115,10.84991176,8.972031362685184,0,18.168900753221234,0.75,1,['Mismatched hash at step 3 (TRANSPORTER)'],AG-2309,1,broken_hash
4,4,7.857838280277778,9.984572593055555,9.210627417314816,0,16.793151822264704,1.0,1,[],AG-2310,0,NONE
2,2,8.197273331666667,8.197273331666667,8.197273331666667,0,18.019765629415623,1.0,1,[],AG-2311,1,skipped_role
4,4,4.2893439075,8.941911814166666,6.073546795185185,0,24.00203011811453,1.0,1,[],AG-2312,0,NONE
4,4,8.63393823888889,11.204198990555556,10.251854082685185,0,14.67272040235157,1.0,1,[],AG-2313,0,NONE
4,4,9.042082722777778,11.474277688611112,10.19620059175926,0,18.181218217192775,1.0,1,[],AG-2314,0,NONE
4,4,6.388141696666667,9.789744875277778,7.813185318518518,0,16.792682671014624,1.0,1,[],AG-2315,0,NONE
4,4,3.518615410277778,7.167226435555556,5.79997974888889,0,46.72180956194729,1.0,1,[],AG-2316,0,NONE
4,4,3.7116339005555554,5.9723669425,4.992987217870371,0,32.264863448842554,1.0,1,[],AG-2317,0,NONE
4,4,3.463829661944444,10.464656566944443,6.774332667870371,0,47.460786229437886,1.0,1,[],AG-2318,0,NONE
4,4,8.029654286388888,9.855267757777778,9.134556400925925,0,17.270768556134076,1.0,1,[],AG-2319,0,NONE
4,4,3.138003356111111,11.658698005,8.743713076666667,0,14.37727687235281,1.0,1,[],AG-2320,0,NONE
4,4,0.1,7.968713633055556,4.303110639907407,0,1643.9607912073136,1.0,1,['Unrealistic transport speed (1644.0 km/h) between step 2 and 3'],AG-2321,1,impossible_speed
4,4,5.354054646388889,7.615348860277778,6.400913168888889,0,30.704968473119795,1.0,1,[],AG-2322,0,NONE
4,4,7.225413798333333,11.22897449,9.670656307500002,0,15.571378028476456,1.0,1,[],AG-2323,0,NONE
4,4,4.313304418055555,5.346966989166666,4.883912763981481,0,38.11372052307901,1.0,1,[],AG-2324,0,NONE
4,4,4.371702691666667,6.418557972777777,5.5863494127777775,0,27.54262521251383,1.0,1,[],AG-2325,0,NONE
4,4,5.315940818611111,10.394327457222222,8.291295928981482,0,30.925114618503773,1.0,1,[],AG-2326,0,NONE
4,4,4.514102813611111,10.154779629166667,6.3974246135185195,0,26.47468468732387,1.0,1,[],AG-2327,0,NONE
4,4,3.528588464166667,8.77628516861111,6.728035110277777,0,33.938602415570166,1.0,1,[],AG-2328,0,NONE
4,4,-2.9257335683333334,9.364526073333334,4.383440835555556,1,16439.607912073137,1.0,1,"['Unrealistic transport speed (16439.6 km/h) between step 2 and 3', 'Backward timestamp detected between step 2 and 3']",AG-2329,1,backward_time
4,4,0.1,9.00079256611111,5.48320998287037,0,1643.9607912073136,1.0,1,['Unrealistic transport speed (1644.0 km/h) between step 2 and 3'],AG-2330,1,impossible_speed
4,4,3.1066587130555554,7.764758821666667,5.448028056481481,0,21.882451274066746,1.0,1,[],AG-2331,0,NONE
4,4,9.066296569166667,11.187960293888889,10.169922051203704,0,16.030025858601295,1.0,1,[],AG-2332,0,NONE
4,4,-3.4177644033333334,10.15442698888889,5.104896722407408,1,16439.607912073137,1.0,1,"['Unrealistic transport speed (16439.6 km/h) between step 2 and 3', 'Backward timestamp detected between step 2 and 3']",AG-2333,1,backward_time
4,4,0.1,10.452558708333333,6.609228517777777,0,1643.9607912073136,1.0,1,['Unrealistic transport speed (1644.0 km/h) between step 2 and 3'],AG-2334,1,impossible_speed
4,4,-2.0378006905555557,7.974312955833334,3.4929881474074076,1,16439.607912073137,1.0,1,"['Unrealistic transport speed (16439.6 km/h) between step 2 and 3', 'Backward timestamp detected between step 2 and 3']",AG-2335,1,backward_time
4,4,3.858256519166667,10.721642820277777,7.557536330370371,0,31.03872445458485,1.0,1,[],AG-2336,0,NONE
4,4,7.27950258888889,10.987988763333334,9.693514455833332,0,16.45103625023901,1.0,1,[],AG-2337,0,NONE
4,4,-5.7150654450000005,8.07158877638889,2.7289618568518517,1,16439.607912073137,1.0,1,"['Unrealistic transport speed (16439.6 km/h) between step 2 and 3', 'Backward timestamp detected between step 2 and 3']",AG-2338,1,backward_time
4,4,3.692437423055556,9.414402599444445,6.563834735370371,0,32.43260406412527,1.0,1,[],AG-2339,0,NONE
4,4,5.985568556666667,11.068731903055555,7.852236642037037,0,20.007349316906165,1.0,1,[],AG-2340,0,NONE
4,4,7.507135664722222,11.768909946944445,9.5978392475,0,21.898642366790682,1.0,1,[],AG-2341,0,NONE
4,4,0.1,9.921050880277779,5.5304594413888895,0,1643.9607912073136,1.0,1,['Unrealistic transport speed (1644.0 km/h) between step 2 and 3'],AG-2342,1,impossible_speed
4,4,6.202300779444444,11.933272906111112,8.51700159685185,0,22.16945674404339,1.0,1,[],AG-2343,0,NONE
4,4,3.7712470586111113,8.9460471675,7.094945746111111,0,43.59196747541535,1.0,1,[],AG-2344,0,NONE
4,4,4.388492015555555,10.055012536944444,6.954501496759259,0,27.28849922684879,1.0,1,[],AG-2345,0,NONE
4,4,7.002622785,11.486642046111111,9.447127750648148,0,23.476357954461967,1.0,1,[],AG-2346,0,NONE
4,4,-2.105047616111111,7.992660005555556,4.0242803251851855,1,16439.607912073137,1.0,1,"['Unrealistic transport speed (16439.6 km/h) between step 2 and 3', 'Backward timestamp detected between step 2 and 3']",AG-2347,1,backward_time
2,2,6.490196034444445,6.490196034444445,6.490196034444445,0,22.759396396188578,1.0,1,[],AG-2348,1,skipped_role
4,4,4.249560530555556,6.426588211388889,5.462110043425926,0,38.68543063186806,0.75,1,['Mismatched hash at step 3 (TRANSPORTER)'],AG-2349,1,broken_hash
4,4,3.6922922524999997,7.358081825277778,5.946765045277778,0,32.43387922297732,1.0,1,[],AG-2350,0,NONE
4,4,3.9627513083333334,8.344257582222221,5.688980971481481,0,34.537470119474264,1.0,1,[],AG-2351,0,NONE
4,4,6.419009605277778,10.759784795,8.046933564537037,0,17.201271577159442,1.0,1,[],AG-2352,0,NONE
4,4,4.807663398333333,11.525510298055556,7.40638669824074,0,24.909264865555127,1.0,1,[],AG-2353,0,NONE
4,4,7.419065816111111,9.254619909166667,8.285533086666666,0,22.15859559619107,1.0,1,[],AG-2354,0,NONE
4,4,4.0249904125,8.074654577777778,6.212020386018519,0,40.843843654927305,1.0,1,[],AG-2355,0,NONE
4,4,7.154600005555555,11.577041503333334,8.894177973981481,0,16.73823286843844,1.0,1,[],AG-2356,0,NONE
4,4,9.235517513888889,10.370690111944445,9.922373049907408,0,15.851990305967021,1.0,1,[],AG-2357,0,NONE
4,4,5.178190509166666,9.437127521666666,7.847761582499999,0,18.413607973452443,1.0,1,[],AG-2358,0,NONE
4,4,6.607245875833334,7.5595137872222224,7.159957320370371,0,24.881180783967274,1.0,1,[],AG-2359,0,NONE
4,4,6.235765437222222,11.059513638333334,9.137255776296298,0,26.363416131631002,1.0,1,[],AG-2360,0,NONE
4,4,4.4970464394444445,8.982244984722223,6.237790047962963,0,26.629780809716117,1.0,1,[],AG-2361,0,NONE
4,4,6.596559716111112,11.691450999444443,9.354051904999999,0,16.81948437741363,1.0,1,[],AG-2362,0,NONE
4,4,7.596086164722222,8.224664659722222,7.829976908703704,0,21.435939856490368,1.0,1,[],AG-2363,0,NONE
4,4,7.504192034444444,9.951080092222222,8.58419391185185,0,19.813178833849257,1.0,1,[],AG-2364,0,NONE
4,4,4.044624041666666,11.65555079111111,7.481317896481481,0,29.608527205453765,1.0,1,[],AG-2365,0,NONE
4,4,4.861805935833334,7.346333988888889,6.435377880555556,0,33.81378880408833,1.0,1,[],AG-2366,0,NONE
4,4,5.702376748611111,10.291673432222222,7.288078482962963,0,28.82939629703916,1.0,1,[],AG-2367,0,NONE
2,2,4.479186835555556,4.479186835555556,4.479186835555556,0,32.97762510470751,1.0,1,[],AG-2368,1,skipped_role
4,4,4.441221400833333,11.626163595555555,8.035341856296297,0,20.450731393953163,1.0,1,[],AG-2369,0,NONE
4,4,3.2627304691666668,8.76430989,6.30541681037037,0,36.7040312110447,1.0,1,[],AG-2370,0,NONE
4,4,4.852060314444444,9.342620543611112,6.89806762712963,0,24.68134219539926,1.0,1,[],AG-2371,0,NONE
4,4,4.682638520555555,10.84781397,7.154772231666667,0,35.10757415911472,1.0,1,[],AG-2372,0,NONE
4,4,7.749435176666667,8.75197727111111,8.291383303796296,0,18.78387866286819,1.0,1,[],AG-2373,0,NONE
4,4,8.556264114166668,10.60966022388889,9.829856208796297,0,19.213534894106367,1.0,1,[],AG-2374,0,NONE
4,4,5.147154538055555,9.048990735555556,6.671605659166667,0,28.253197204932157,1.0,1,[],AG-2375,0,NONE
2,2,6.764151955833333,6.764151955833333,6.764151955833333,0,21.837614707857977,1.0,1,[],AG-2376,1,skipped_role
4,4,0.1,11.376254439444443,6.437555956481481,0,1643.9607912073136,1.0,1,['Unrealistic transport speed (1644.0 km/h) between step 2 and 3'],AG-2377,1,impossible_speed
4,4,4.683887219722222,10.577866927222221,7.945481318703703,0,15.541515151571515,1.0,1,[],AG-2378,0,NONE
4,4,7.5489421775,11.674461804722222,9.853449149351851,0,15.863859883634651,1.0,1,[],AG-2379,0,NONE
4,4,3.7440356319444446,10.559026218888889,7.233785819444445,0,31.98563602113091,1.0,1,[],AG-2380,0,NONE
4,4,4.513880796944445,7.8384775638888895,6.489416948796297,0,36.42011974087022,0.75,1,['Mismatched hash at step 3 (TRANSPORTER)'],AG-2381,1,broken_hash
4,4,5.411000184444445,8.154426485555556,7.151127436296297,0,30.381828408237276,1.0,1,[],AG-2382,0,NONE
4,4,7.9171794725,11.907981550833334,9.765327731203703,0,20.764475491777652,1.0,1,[],AG-2383,0,NONE
4,4,6.137192791388888,10.35055726611111,7.813126396018518,0,17.22694906826097,0.75,1,['Mismatched hash at step 3 (TRANSPORTER)'],AG-2384,1,broken_hash
4,4,6.15567757,9.396785635555556,7.947926092777777,0,26.70641489117686,1.0,1,[],AG-2385,0,NONE
4,4,3.534220502777778,4.862484486666666,4.418760631666667,0,33.884518772780645,1.0,1,[],AG-2386,0,NONE
4,4,5.603999191111112,9.336483855833334,6.951121863240741,0,21.3696249570257,1.0,1,[],AG-2387,0,NONE
4,4,4.2203001577777775,9.750847228333335,6.891837798055556,0,17.86229463451565,1.0,1,[],AG-2388,0,NONE
2,2,4.194217706111111,4.194217706111111,4.194217706111111,0,35.21823486216983,1.0,1,[],AG-2389,1,skipped_role
2,2,6.534306752777778,6.534306752777778,6.534306752777778,0,22.6057560236361,1.0,1,[],AG-2390,1,skipped_role
2,2,3.67964646,3.67964646,3.67964646,0,40.14324360848849,1.0,1,[],AG-2391,1,skipped_role
4,4,5.504031190555556,11.427025026666666,7.750898927962962,0,18.94371559259111,1.0,1,[],AG-2392,0,NONE
4,4,9.578387437500002,9.96721761388889,9.713373763425926,0,17.134379162796602,1.0,1,[],AG-2393,0,NONE
4,4,3.5699761744444443,7.809820179444444,5.446755256296296,0,24.1419412064896,1.0,1,[],AG-2394,0,NONE
4,4,6.039796396666667,10.455092553333333,8.232097237407407,0,27.21881141746115,1.0,1,[],AG-2395,0,NONE
4,4,3.4356833502777775,9.142967334722222,5.491607787407407,0,47.84960147955423,1.0,1,[],AG-2396,0,NONE
4,4,3.006083383611111,10.718864399444444,6.8988404410185185,0,39.83767104612434,1.0,1,[],AG-2397,0,NONE
4,4,5.716789539444444,10.939329876388888,9.175309913055555,0,28.75671353413289,1.0,1,[],AG-2398,0,NONE
4,4,3.7417847763888887,8.980579302777778,7.187521653796296,0,18.305732133547565,1.0,1,[],AG-2399,0,NONE
2,2,8.899367055555555,8.899367055555555,8.899367055555555,0,16.59814044243522,1.0,1,[],AG-2400,1,skipped_role
4,4,4.194298128333333,9.11984452611111,6.116620135833333,0,32.64600741790576,1.0,1,[],AG-2401,0,NONE
2,2,7.299302173055556,7.299302173055556,7.299302173055556,0,20.23658436585292,1.0,1,[],AG-2402,1,skipped_role
4,4,3.928813798888889,6.308055206666666,5.310055650740741,0,26.06129365307225,1.0,1,[],AG-2403,0,NONE
4,4,3.0762726775,7.774574488888889,5.0455082559259266,0,38.92872106215294,1.0,1,[],AG-2404,0,NONE
4,4,4.3623671775,8.652720345,6.573492190555555,0,37.685062359868574,1.0,1,[],AG-2405,0,NONE
4,4,4.1084150025,9.57008234,5.979538538888889,0,40.014477364310856,1.0,1,[],AG-2406,0,NONE
4,4,5.230077374722222,8.801585113611111,6.421721911018518,0,22.882447067227545,1.0,1,[],AG-2407,0,NONE
4,4,8.925648330833333,10.63102894,9.590320648611112,0,15.463797535361744,1.0,1,[],AG-2408,0,NONE
4,4,3.4911221791666667,9.73059276888889,6.293864469722223,0,34.30282723651498,1.0,1,[],AG-2409,0,NONE
4,4,3.639108015277778,8.742740968888889,5.850528261574074,0,32.90788854597348,1.0,1,[],AG-2410,0,NONE
4,4,4.187845926666666,10.747326035555556,7.68353182037037,0,15.296463378598277,1.0,1,[],AG-2411,0,NONE
4,4,3.1502046158333337,11.590076855555557,8.224528304814816,0,38.01510554952971,1.0,1,[],AG-2412,0,NONE
2,2,11.5381199725,11.5381199725,11.5381199725,0,12.802167475199763,1.0,1,[],AG-2413,1,skipped_role
4,4,6.620496695833333,9.903990006111112,7.778887939537036,0,24.132678335464895,1.0,1,[],AG-2414,0,NONE
4,4,3.7111940577777776,11.288323728888889,6.250630483518518,0,44.2973545875879,1.0,1,[],AG-2415,0,NONE
4,4,8.277934467222222,9.86901718,8.99850248138889,0,16.657796427174866,1.0,1,[],AG-2416,0,NONE
4,4,5.147736493611111,11.580851790555554,7.309635355925926,0,31.935604964388602,1.0,1,[],AG-2417,0,NONE
4,4,3.495257577222222,8.994716209722222,7.137481677314814,0,18.276961194510918,1.0,1,[],AG-2418,0,NONE
4,4,3.102155428055555,7.467716392777778,5.56340599,0,22.01423708052479,1.0,1,[],AG-2419,0,NONE
4,4,9.596422538055556,10.8611405075,10.068516834166667,0,15.13617092120391,1.0,1,[],AG-2420,0,NONE
4,4,-5.900202351111111,8.647795496111112,3.4874270160185183,1,16439.607912073137,1.0,1,"['Unrealistic transport speed (16439.6 km/h) between step 2 and 3', 'Backward timestamp detected between step 2 and 3']",AG-2421,1,backward_time
4,4,4.41578983,10.734238044166666,6.550653469351851,0,36.516779823602036,1.0,1,[],AG-2422,0,NONE
4,4,3.3963411652777777,7.579423964166667,5.343801645925926,0,35.26010937824186,1.0,1,[],AG-2423,0,NONE
4,4,4.3507620141666665,11.380440694444443,7.392672659351852,0,37.785582981885845,1.0,1,[],AG-2424,0,NONE
4,4,5.896218130277777,9.665992453055555,7.445511440833332,0,24.26752624328437,1.0,1,[],AG-2425,0,NONE
4,4,4.074608366944444,9.059931450555556,7.092787827037038,0,40.34647365238988,1.0,1,[],AG-2426,0,NONE
4,4,3.6203379399999998,7.185847601388889,5.448982458981482,0,22.877757536766673,0.75,1,['Mismatched hash at step 3 (TRANSPORTER)'],AG-2427,1,broken_hash
4,4,3.0717225619444446,8.0742606675,5.317341203518519,0,34.20613771096208,1.0,1,[],AG-2428,0,NONE
4,4,7.440246082777778,9.953519366666667,8.572994621481483,0,22.09551637025357,1.0,1,[],AG-2429,0,NONE
4,4,3.215192303888889,11.391577792777777,6.320622495925927,0,37.246717973500836,1.0,1,[],AG-2430,0,NONE
4,4,3.0131583647222224,11.558912359166667,7.82926845851852,0,54.55938892740102,1.0,1,[],AG-2431,0,NONE
4,4,6.778342578055556,11.848041676944446,10.092349934351851,0,24.253138171704837,1.0,1,[],AG-2432,0,NONE
4,4,3.3951023913888885,10.609538120555555,6.362631224166667,0,32.34072235402187,1.0,1,[],AG-2433,0,NONE
4,4,3.7641217577777777,4.201624652222223,3.9419798193518516,0,42.587527896704664,1.0,1,[],AG-2434,0,NONE
4,4,5.1309456127777775,11.6779644725,7.907918663703704,0,23.339822717139857,1.0,1,[],AG-2435,0,NONE
4,4,5.9362641188888885,10.487098512222223,7.832727767314815,0,27.693525056884088,1.0,1,[],AG-2436,0,NONE
4,4,4.398694961944445,8.262372322222221,5.713480703518518,0,37.37383031626727,1.0,1,[],AG-2437,0,NONE
4,4,4.868726030555556,11.681712500277778,7.44173599824074,0,33.76572805473152,1.0,1,[],AG-2438,0,NONE
4,4,9.174493586666667,10.43748019138889,9.627958542407407,0,15.750552442375998,1.0,1,[],AG-2439,0,NONE
2,2,11.7156000375,11.7156000375,11.7156000375,0,12.608226959275136,1.0,1,[],AG-2440,1,skipped_role
4,4,4.564809592777778,11.56886946138889,8.838161865462963,0,36.01378672635786,1.0,1,[],AG-2441,0,NONE
4,4,3.8525274930555558,10.144287685,5.971327105370371,0,41.96811504204824,1.0,1,[],AG-2442,0,NONE
4,4,-5.750299592222222,6.605236286944444,1.5370971709259258,1,16439.607912073137,1.0,1,"['Unrealistic transport speed (16439.6 km/h) between step 2 and 3', 'Backward timestamp detected between step 2 and 3']",AG-2443,1,backward_time
4,4,4.779753030277777,10.2836879875,7.959107692685184,0,18.65194904996837,1.0,1,[],AG-2444,0,NONE
2,2,3.4557393083333334,3.4557393083333334,3.4557393083333334,0,42.744238224419966,1.0,1,[],AG-2445,1,skipped_role
4,4,3.2653406369444444,9.148916250833334,5.656507264722222,0,26.28943945840769,1.0,1,[],AG-2446,0,NONE
4,4,3.311844993611111,10.950814190000001,7.611749374444444,0,49.63882048763402,1.0,1,[],AG-2447,0,NONE
4,4,3.5488116202777777,7.956197986944444,5.674331164722222,0,46.32426195331933,1.0,1,[],AG-2448,0,NONE
4,4,8.676789499444444,10.219512745000001,9.683306147685185,0,16.086488976802126,0.75,1,['Mismatched hash at step 3 (TRANSPORTER)'],AG-2449,1,broken_hash
4,4,7.3621153688888885,11.214093149444444,8.699249272777777,0,15.921655953259442,1.0,1,[],AG-2450,0,NONE
4,4,4.971181692777778,11.061883034444444,8.679969753055554,0,14.861491358102013,1.0,1,[],AG-2451,0,NONE
4,4,0.1,11.99645172138889,5.332553585740741,0,1643.9607912073136,1.0,1,['Unrealistic transport speed (1644.0 km/h) between step 2 and 3'],AG-2452,1,impossible_speed
4,4,3.503177902777778,11.967528436666667,8.908680560833334,0,46.92769927281645,1.0,1,[],AG-2453,0,NONE
4,4,4.563408282222222,11.923877288333333,7.205415255092593,0,36.02484567536354,1.0,1,[],AG-2454,0,NONE
4,4,3.2538591274999997,11.528028615555554,8.028978324444443,0,17.667409423329037,1.0,1,[],AG-2455,0,NONE
4,4,7.879121413611111,11.733489375,9.96874041888889,0,15.199075466287846,1.0,1,[],AG-2456,0,NONE
4,4,3.1793519088888886,8.414965078055555,6.298739293518518,0,51.707418314125555,1.0,1,[],AG-2457,0,NONE
4,4,4.5971388538888895,10.221820001388888,6.9619300845370375,0,35.76052069466265,1.0,1,[],AG-2458,0,NONE
4,4,3.9982853280555557,9.342267075555556,5.871808794259259,0,38.45635682406206,1.0,1,[],AG-2459,0,NONE
4,4,3.9092895316666665,11.477308921111112,7.315652837962962,0,30.633535839046427,1.0,1,[],AG-2460,0,NONE
4,4,6.93181544638889,8.753393923055555,7.690003180555554,0,18.780838674211694,1.0,1,[],AG-2461,0,NONE
4,4,6.211429923888889,8.989785025277778,7.908198608425924,0,26.466704307243525,1.0,1,[],AG-2462,0,NONE
4,4,3.01618116,5.6506553825,4.42207037962963,0,39.704299782019675,1.0,1,[],AG-2463,0,NONE
4,4,4.638735804166667,9.937473533333334,7.561184710277778,0,25.816378864679383,1.0,1,[],AG-2464,0,NONE
4,4,3.936992097222222,7.465665521111111,5.794391151296296,0,22.020284548759744,1.0,1,[],AG-2465,0,NONE
2,2,11.667716620833334,11.667716620833334,11.667716620833334,0,12.659970158440677,1.0,1,[],AG-2466,1,skipped_role
4,4,3.1025605827777776,6.021745190277778,4.670488110925926,0,52.98722611035838,1.0,1,[],AG-2467,0,NONE
4,4,3.433327119722222,9.483722291944444,6.620343561203704,0,47.882439799104276,1.0,1,[],AG-2468,0,NONE
4,4,3.9128570366666664,7.914215709166667,6.078495306296296,0,30.605606044717277,1.0,1,[],AG-2469,0,NONE
4,4,5.0302445475,10.192751091944444,7.428194137314815,0,23.280331236732867,1.0,1,[],AG-2470,0,NONE
4,4,-3.501831536388889,9.5878657675,3.251279282314815,1,16439.607912073137,1.0,1,"['Unrealistic transport speed (16439.6 km/h) between step 2 and 3', 'Backward timestamp detected between step 2 and 3']",AG-2471,1,backward_time
4,4,3.278938836388889,8.522802531944444,6.382124148888889,0,36.52259677567118,1.0,1,[],AG-2472,0,NONE
4,4,3.911320298888889,4.849954290555556,4.391736195185185,0,42.03084037056037,1.0,1,[],AG-2473,0,NONE
4,4,5.387382924166667,9.569766051111111,6.830285545462964,0,30.515016555308353,1.0,1,[],AG-2474,0,NONE
4,4,4.382309410555556,10.55869054361111,7.062820081759259,0,37.513571890828786,1.0,1,[],AG-2475,0,NONE
4,4,3.872882077222222,7.3229555769444445,5.352804833518519,0,42.447995018387566,1.0,1,[],AG-2476,0,NONE
4,4,5.775180601111111,7.401871309166666,6.584752682314814,0,24.994819335865827,1.0,1,[],AG-2477,0,NONE
4,4,4.663930985,10.969434234722222,7.319326734722222,0,18.93480650886438,1.0,1,[],AG-2478,0,NONE
4,4,3.5547543269444444,5.417057939444445,4.66933092962963,0,33.68878689190817,1.0,1,[],AG-2479,0,NONE
4,4,6.094122478888889,11.736349834444445,8.567837789166667,0,20.88088681231094,1.0,1,[],AG-2480,0,NONE
4,4,6.767688674444445,10.365646933888888,8.31765510537037,0,24.291318207574985,1.0,1,[],AG-2481,0,NONE
4,4,3.7105954480555554,11.124994811944445,7.373983596574074,0,44.30450083338484,1.0,1,[],AG-2482,0,NONE
4,4,8.582458029166666,10.204053030555555,9.29477501,0,18.06984399305232,1.0,1,[],AG-2483,0,NONE
4,4,0.1,10.276146491944445,5.728840195277779,0,1643.9607912073136,1.0,1,['Unrealistic transport speed (1644.0 km/h) between step 2 and 3'],AG-2484,1,impossible_speed
4,4,5.32097724,10.506973068055556,8.157662072685186,0,22.50627198200905,1.0,1,[],AG-2485,0,NONE
4,4,5.485807379166667,6.576194949166666,5.999047858888889,0,27.698764400408493,1.0,1,[],AG-2486,0,NONE
4,4,4.012669583611111,10.035170948333333,7.445341773888888,0,29.844311493434436,1.0,1,[],AG-2487,0,NONE
4,4,-5.520543138611111,10.901042064166665,5.150736532777778,1,16439.607912073137,1.0,1,"['Unrealistic transport speed (16439.6 km/h) between step 2 and 3', 'Backward timestamp detected between step 2 and 3']",AG-2488,1,backward_time
4,4,4.549797553333334,7.257419543888889,6.144660907685186,0,36.13261407648552,1.0,1,[],AG-2489,0,NONE
4,4,6.562134698055556,10.910618685000001,8.895792390185186,0,15.067530436816046,1.0,1,[],AG-2490,0,NONE
4,4,0.1,10.356473327777778,5.326531068796296,0,1643.9607912073136,1.0,1,['Unrealistic transport speed (1644.0 km/h) between step 2 and 3'],AG-2491,1,impossible_speed
4,4,4.209469688611111,11.767974821388888,8.932514911944445,0,39.05386931886255,1.0,1,[],AG-2492,0,NONE
4,4,3.8035816527777775,8.444812192222223,6.4079477425,0,43.22138818833348,1.0,1,[],AG-2493,0,NONE
4,4,3.505852383611111,7.648512764444444,5.839852345092592,0,34.15870033015167,1.0,1,[],AG-2494,0,NONE
4,4,6.630466269166667,10.024647866666667,8.12456336324074,0,16.399187413591946,1.0,1,[],AG-2495,0,NONE
4,4,3.2976394005555556,4.806540985000001,3.874276009444445,0,46.72138156776328,1.0,1,[],AG-2496,0,NONE
2,2,10.411556625277777,10.411556625277777,10.411556625277777,0,14.18740247527121,1.0,1,[],AG-2497,1,skipped_role
4,4,5.177442851388889,7.399080651666666,6.530484798796295,0,22.218446704415992,1.0,1,[],AG-2498,0,NONE
4,4,5.327939344444444,10.538883932222221,7.321688103796297,0,22.476862672693773,1.0,1,[],AG-2499,0,NONE
4,4,3.446859385555556,10.684391939166668,8.049907513703703,0,15.386563882787838,1.0,1,[],AG-2500,0,NONE
4,4,4.860578875277778,8.864285995833335,7.114798658333334,0,18.545890689673808,1.0,1,[],AG-2501,0,NONE
4,4,4.190826816944444,10.207783274999999,6.319138666759258,0,36.0612148063205,1.0,1,[],AG-2502,0,NONE
4,4,5.47840702388889,9.414664393055554,8.092461728333333,0,21.85952238512402,1.0,1,[],AG-2503,0,NONE
4,4,7.200282139444445,10.418797393333334,8.904614980092594,0,18.0759009996192,1.0,1,[],AG-2504,0,NONE
4,4,6.368067868333333,10.589555550833333,8.639607497314815,0,18.805603748199772,1.0,1,[],AG-2505,0,NONE
4,4,3.5745334850000003,11.895248692500001,6.480907650925926,0,45.99091876201332,1.0,1,[],AG-2506,0,NONE
4,4,4.695240731111111,11.569690183055556,8.376043044166666,0,25.50569136530305,1.0,1,[],AG-2507,0,NONE
4,4,8.400299710277778,10.2212737,9.188782107777778,0,19.570263537096483,1.0,1,[],AG-2508,0,NONE
4,4,5.660441699166666,11.162204062777779,7.821345271203703,0,18.031671087209684,1.0,1,[],AG-2509,0,NONE
4,4,6.0885034466666665,10.344132309444445,8.61765311962963,0,27.001065296388216,1.0,1,[],AG-2510,0,NONE
4,4,5.701753456944444,11.466011591666668,7.798079744537038,0,26.402756076106876,1.0,1,[],AG-2511,0,NONE
4,4,3.8784275744444443,5.327866655,4.452597162222222,0,39.599226239337376,1.0,1,[],AG-2512,0,NONE
4,4,5.000281603611111,8.889911799166667,6.300048243703704,0,32.87736414725274,1.0,1,[],AG-2513,0,NONE
4,4,6.3451418677777776,8.270136256944445,7.263041259444445,0,19.87827939142934,1.0,1,[],AG-2514,0,NONE
4,4,-2.7781752199999996,8.5858922575,3.295353490740741,1,16439.607912073137,1.0,1,"['Unrealistic transport speed (16439.6 km/h) between step 2 and 3', 'Backward timestamp detected between step 2 and 3']",AG-2515,1,backward_time
4,4,4.357006059722223,11.931130676111112,9.04192635101852,0,37.731432287980866,1.0,1,[],AG-2516,0,NONE
4,4,3.7273032025,10.76154549,6.370686538148148,0,35.55885333727953,1.0,1,[],AG-2517,0,NONE
4,4,3.042421512777778,9.850739530833334,6.1183039344444445,0,30.099520529767336,1.0,1,[],AG-2518,0,NONE
4,4,4.164653618055556,10.017772106666667,7.028609484444445,0,39.47413019128506,1.0,1,[],AG-2519,0,NONE
4,4,3.339527866388889,6.357912648888889,4.830722925462964,0,34.28683966390931,1.0,1,[],AG-2520,0,NONE
2,2,3.0371145058333333,3.0371145058333333,3.0371145058333333,0,48.63594834938973,1.0,1,[],AG-2521,1,skipped_role
4,4,3.9243740099999997,7.530028308055556,5.754410887500001,0,41.891032481058396,1.0,1,[],AG-2522,0,NONE
4,4,5.617450126388889,9.550487203055555,7.845088865648148,0,17.213370964795907,1.0,1,[],AG-2523,0,NONE
4,4,4.695834304999999,11.112453985277778,7.347182089166665,0,26.37402137397056,1.0,1,[],AG-2524,0,NONE
4,4,4.1808519877777774,9.60668957388889,7.777353671666667,0,39.32119089633494,1.0,1,[],AG-2525,0,NONE
4,4,3.3362708491666666,10.888897238333332,7.693343836203702,0,49.275399556302276,1.0,1,[],AG-2526,0,NONE
4,4,8.882108565555555,11.952122102777778,9.93065330361111,0,18.35242779394952,1.0,1,[],AG-2527,0,NONE
4,4,-2.6125083925,9.256728263055557,4.856587111018519,1,16439.607912073137,1.0,1,"['Unrealistic transport speed (16439.6 km/h) between step 2 and 3', 'Backward timestamp detected between step 2 and 3']",AG-2528,1,backward_time
4,4,5.429794345833333,8.962346693055556,7.614283357037038,0,30.2766677060033,1.0,1,[],AG-2529,0,NONE
4,4,-3.990956252777778,8.481016284166666,3.3448069816666663,1,16439.607912073137,1.0,1,"['Unrealistic transport speed (16439.6 km/h) between step 2 and 3', 'Backward timestamp detected between step 2 and 3']",AG-2530,1,backward_time
4,4,4.4433623877777775,7.933248873611111,6.354805778703704,0,36.99812546753573,1.0,1,[],AG-2531,0,NONE
4,4,3.024641991388889,11.161920398333335,7.743753527314816,0,18.175960726041687,1.0,1,[],AG-2532,0,NONE
4,4,3.810744062222222,9.512072552222223,6.976054912407409,0,21.615851959277222,1.0,1,[],AG-2533,0,NONE
2,2,11.79561857638889,11.79561857638889,11.79561857638889,0,12.522695887485465,1.0,1,[],AG-2534,1,skipped_role
4,4,6.241931976388889,10.8672640425,9.259811396851852,0,19.185624166766598,1.0,1,[],AG-2535,0,NONE
4,4,3.0870509494444445,11.012628103888888,8.253630719814815,0,38.79280353149708,1.0,1,[],AG-2536,0,NONE
4,4,5.414784587222223,11.595802408333334,8.869399501203704,0,30.360594493208886,0.75,1,['Mismatched hash at step 3 (TRANSPORTER)'],AG-2537,1,broken_hash
4,4,6.602252033888889,10.521375108333332,8.077491774166667,0,23.125557748837394,1.0,1,[],AG-2538,0,NONE
4,4,4.192604186111111,10.97511498,6.556242576296296,0,36.52427602121136,1.0,1,[],AG-2539,0,NONE
4,4,8.316752726944445,10.22038305638889,9.214224669814815,0,16.08511914022296,1.0,1,[],AG-2540,0,NONE
4,4,3.259346066111111,10.54682828888889,7.655450518518518,0,17.946823027698734,1.0,1,[],AG-2541,0,NONE
4,4,3.413750928333333,6.70155837361111,4.710582205462963,0,35.080286607783364,1.0,1,[],AG-2542,0,NONE
4,4,8.189841073055556,9.907758464722223,9.066319942314815,0,16.592661166103674,1.0,1,[],AG-2543,0,NONE
4,4,6.895631163888889,9.194174791111111,8.217985699814815,0,19.195840468950028,1.0,1,[],AG-2544,0,NONE
4,4,4.337890070277778,10.437940381666667,7.8494901757407405,0,37.89770521091241,1.0,1,[],AG-2545,0,NONE
4,4,7.223600429722222,11.409342783888889,8.727683786851852,0,21.774003222359543,1.0,1,[],AG-2546,0,NONE
4,4,5.5034141722222225,5.978053582777778,5.789057364907407,0,27.499934024402414,1.0,1,[],AG-2547,0,NONE
4,4,3.7094753616666667,10.353929751388888,7.020368333703703,0,44.3178787004716,1.0,1,[],AG-2548,0,NONE
4,4,4.068361668611111,8.880357028333334,6.808359609814815,0,21.98878547946023,1.0,1,[],AG-2549,0,NONE
4,4,0.1,11.668541234444444,7.4005733534259255,0,1643.9607912073136,1.0,1,['Unrealistic transport speed (1644.0 km/h) between step 2 and 3'],AG-2550,1,impossible_speed
4,4,6.270082298055556,11.55319617,8.955515935,0,19.0994878983738,1.0,1,[],AG-2551,0,NONE
4,4,7.258203129722221,8.914504857777777,8.250176571574073,0,22.64969389566023,0.75,1,['Mismatched hash at step 3 (TRANSPORTER)'],AG-2552,1,broken_hash
4,4,4.995723970277778,10.468954970833332,7.178964324074073,0,27.073498773008453,1.0,1,[],AG-2553,0,NONE
4,4,3.412002988611111,9.318864479444445,5.7360885925,0,48.181692592142305,1.0,1,[],AG-2554,0,NONE
4,4,0.1,6.536068409166666,3.7746530046296294,0,1643.9607912073136,1.0,1,['Unrealistic transport speed (1644.0 km/h) between step 2 and 3'],AG-2555,1,impossible_speed
4,4,3.418503257222222,9.81434407638889,7.310670513981482,0,48.090075319780425,1.0,1,[],AG-2556,0,NONE
4,4,7.116490892500001,8.303845499444446,7.652704859074074,0,19.79758403883237,1.0,1,[],AG-2557,0,NONE
4,4,6.895293418611111,8.266086402222223,7.713472260277778,0,23.841781508094975,1.0,1,[],AG-2558,0,NONE
4,4,4.155436038333334,9.574451955555556,6.7388460689814815,0,39.56169162614942,1.0,1,[],AG-2559,0,NONE
4,4,6.7679827125,9.232639818333332,8.160521924259259,0,19.384173956933584,1.0,1,[],AG-2560,0,NONE
4,4,4.200346479166667,7.075611354722222,5.996889029722222,0,39.13869485198919,1.0,1,[],AG-2561,0,NONE
4,4,5.825197155833333,9.631367835555555,7.795606244537036,0,28.22154765287312,1.0,1,[],AG-2562,0,NONE
4,4,9.179501675833334,11.290725879722222,9.966562792037038,0,17.909041789657625,1.0,1,[],AG-2563,0,NONE
4,4,4.038647270555556,6.170140222222222,5.370073356481481,0,40.705728454992574,0.75,1,['Mismatched hash at step 3 (TRANSPORTER)'],AG-2564,1,broken_hash
4,4,7.805125233333333,11.0447940125,9.306036871851852,0,15.343169698556643,1.0,1,[],AG-2565,0,NONE
4,4,3.4775849955555556,6.4278328219444445,4.621217336666667,0,34.43635773865206,1.0,1,[],AG-2566,0,NONE
2,2,4.317855511388888,4.317855511388888,4.317855511388888,0,34.20979322890282,1.0,1,[],AG-2567,1,skipped_role
2,2,6.22814193611111,6.22814193611111,6.22814193611111,0,23.71701636734457,1.0,1,[],AG-2568,1,skipped_role
4,4,8.051434975,10.783573366944443,9.505574321574073,0,16.98005833945605,1.0,1,[],AG-2569,0,NONE
4,4,3.422818931388889,6.7490961375,5.535386240555556,0,25.55017932057308,1.0,1,[],AG-2570,0,NONE
4,4,3.4842197308333334,9.69302969611111,6.001678143796295,0,24.805446154556062,1.0,1,[],AG-2571,0,NONE
4,4,8.82869147,9.795969346944446,9.322107478981481,0,18.620661927008236,1.0,1,[],AG-2572,0,NONE
4,4,4.596833086388889,11.678608408055556,7.307680330185185,0,29.109018660748358,1.0,1,[],AG-2573,0,NONE
4,4,3.365708096666667,5.512010216666667,4.317300871574074,0,48.844425719374215,1.0,1,[],AG-2574,0,NONE
4,4,3.0508062241666667,11.437450054166666,7.228412774074074,0,22.842363384847346,1.0,1,[],AG-2575,0,NONE
2,2,8.628299963055555,8.628299963055555,8.628299963055555,0,17.119588432178528,1.0,1,[],AG-2576,1,skipped_role
4,4,3.6559271594444445,9.3691340525,6.992167609814814,0,44.967000695307355,1.0,1,[],AG-2577,0,NONE
4,4,6.743381193888889,7.833323572777778,7.374322640277779,0,24.378879733169082,1.0,1,[],AG-2578,0,NONE
4,4,4.966007571944445,9.77390120611111,6.9956964,0,33.10427475976682,0.75,1,['Mismatched hash at step 3 (TRANSPORTER)'],AG-2579,1,broken_hash
4,4,3.079233266666667,9.020446211944444,6.37022823175926,0,18.22482782537364,1.0,1,[],AG-2580,0,NONE
4,4,3.3588952358333337,10.970941431111113,6.920730045185185,0,18.61765861560741,1.0,1,[],AG-2581,0,NONE
4,4,3.2223515675,9.515780475277777,6.7966474819444445,0,51.01742490757299,1.0,1,[],AG-2582,0,NONE
4,4,5.667905726111111,8.863753763888889,7.304300624166667,0,29.00473068269037,1.0,1,[],AG-2583,0,NONE
4,4,3.0659752758333334,11.606485858333334,7.504744870925927,0,39.05946728189786,1.0,1,[],AG-2584,0,NONE
4,4,4.8502161119444445,10.907735085277778,8.738896412037036,0,15.718538748121896,0.75,1,['Mismatched hash at step 3 (TRANSPORTER)'],AG-2585,1,broken_hash
4,4,3.213776515,9.17439185361111,5.345750935925925,0,37.26312654740395,1.0,1,[],AG-2586,0,NONE
4,4,3.6339788299999998,5.267172008888889,4.501026770277778,0,32.954336438311024,1.0,1,[],AG-2587,0,NONE
4,4,3.1520187147222223,8.671955381666667,6.240399802685185,0,37.99322650407345,1.0,1,[],AG-2588,0,NONE
4,4,8.270472119722221,9.80364537027778,8.87975390675926,0,16.768872486875086,1.0,1,[],AG-2589,0,NONE
4,4,3.9552198769444447,10.08202707888889,6.583134448148148,0,20.965000400249533,1.0,1,[],AG-2590,0,NONE
4,4,0.1,4.978791529166667,2.785387963796296,0,1643.9607912073136,1.0,1,['Unrealistic transport speed (1644.0 km/h) between step 2 and 3'],AG-2591,1,impossible_speed
4,4,4.296679837222222,11.227520247500001,8.206600498055556,0,18.07423959344021,1.0,1,[],AG-2592,0,NONE
4,4,3.10035187,10.872902348611111,6.081873004907408,0,28.030228383710657,1.0,1,[],AG-2593,0,NONE
4,4,0.1,11.13191738388889,5.658045918333333,0,1643.9607912073136,1.0,1,['Unrealistic transport speed (1644.0 km/h) between step 2 and 3'],AG-2594,1,impossible_speed
4,4,4.282096053888889,8.551964309166666,5.829998289351852,0,35.30893292081036,1.0,1,[],AG-2595,0,NONE
4,4,3.4894947533333336,9.7593763275,7.118168293703704,0,47.11171408516729,1.0,1,[],AG-2596,0,NONE
4,4,3.658301149444444,9.045167241944444,5.98655230824074,0,22.783688258909205,1.0,1,[],AG-2597,0,NONE
4,4,5.110795638611111,9.041660091944445,6.788900320555556,0,23.431842993053834,1.0,1,[],AG-2598,0,NONE
4,4,5.751079404722223,8.547081872222222,7.117991693611111,0,20.82311033215582,1.0,1,[],AG-2599,0,NONE
4,4,3.0434869438888885,6.854766536666667,5.24841730537037,0,39.348077774402924,1.0,1,[],AG-2600,0,NONE
4,4,4.208752491388889,10.56099052888889,7.231619871666667,0,28.45388537780243,1.0,1,[],AG-2601,0,NONE
4,4,3.979493726666667,9.972902653611111,7.111712940740741,0,30.093114652006307,1.0,1,[],AG-2602,0,NONE
4,4,4.260015018333333,7.847562333611111,5.825563069074074,0,22.30450104253307,1.0,1,[],AG-2603,0,NONE
4,4,3.167672653888889,7.5646048016666665,4.671008511574074,0,36.502455563103936,1.0,1,[],AG-2604,0,NONE
4,4,7.891223915277777,11.156732196666667,9.004100699537037,0,20.64150394721066,1.0,1,[],AG-2605,0,NONE
4,4,5.009759828611111,9.949303591944444,7.083810363796296,0,32.81516175323478,1.0,1,[],AG-2606,0,NONE
4,4,6.571066418888889,7.59370794,7.228093261944444,0,25.0181734045734,1.0,1,[],AG-2607,0,NONE
4,4,4.612306655277778,7.627230124722223,6.418506924814815,0,25.964310251679816,1.0,1,[],AG-2608,0,NONE
4,4,4.969372055277777,7.351530741666666,6.183354215555556,0,26.391372686970346,1.0,1,[],AG-2609,0,NONE
4,4,3.3852759675,11.169534833055556,6.471925824351852,0,33.819626876022646,1.0,1,[],AG-2610,0,NONE
4,4,3.359142287222222,8.836722738333334,5.374963380555556,0,30.47966287679318,1.0,1,[],AG-2611,0,NONE
4,4,4.564648348055556,7.899150558888889,5.944547843796296,0,26.23539686787332,1.0,1,[],AG-2612,0,NONE
4,4,6.386959029444444,10.519221609166667,8.18538223888889,0,21.48977883605427,1.0,1,[],AG-2613,0,NONE
4,4,7.3389908075,10.809474796944444,8.51007322287037,0,22.270598246934444,1.0,1,[],AG-2614,0,NONE
4,4,5.069916894166667,7.630871458333333,6.076024642592593,0,21.666215603036115,1.0,1,[],AG-2615,0,NONE
4,4,6.731523165833333,10.35259568,8.678035210648149,0,18.368304115917432,1.0,1,[],AG-2616,0,NONE
4,4,7.311190470277778,8.825333107222223,8.15121388888889,0,19.76599073841009,1.0,1,[],AG-2617,0,NONE
4,4,4.212516431944445,8.331128943333333,6.719143573055555,0,39.025623229402626,1.0,1,[],AG-2618,0,NONE
4,4,6.649106848333333,11.302021835833333,8.533631639259259,0,21.49034024051835,1.0,1,[],AG-2619,0,NONE
4,4,9.551768839166666,11.525284817500001,10.489594482592594,0,15.819895477012176,1.0,1,[],AG-2620,0,NONE
4,4,4.535101055833334,10.473272172222224,7.80530721925926,0,15.696725571283395,1.0,1,[],AG-2621,0,NONE
4,4,5.380686286944445,9.517681182777778,6.994136313611111,0,19.683521478634706,1.0,1,[],AG-2622,0,NONE
4,4,3.977131025,6.469156944722222,5.08914163712963,0,41.33534401742054,1.0,1,[],AG-2623,0,NONE
4,4,3.8666871905555555,7.282822669444444,5.1651868675,0,42.51600168802674,1.0,1,[],AG-2624,0,NONE
4,4,3.838709692222222,9.771448359444445,7.5148971840740755,0,42.82586918563326,1.0,1,[],AG-2625,0,NONE
4,4,7.698398066944445,9.9738338075,8.838439163425926,0,18.590352537849924,1.0,1,[],AG-2626,0,NONE
4,4,5.065376307499999,10.220701764166666,8.464026112685184,0,16.08461756482288,1.0,1,[],AG-2627,0,NONE
4,4,3.8794521750000004,9.853853043333332,7.667891215555556,0,30.869142232310118,1.0,1,[],AG-2628,0,NONE
4,4,0.1,10.890896818611111,5.230695313981482,0,1643.9607912073136,1.0,1,['Unrealistic transport speed (1644.0 km/h) between step 2 and 3'],AG-2629,1,impossible_speed
4,4,4.848768265555556,7.677856609722222,6.300631270185185,0,25.786532425485586,1.0,1,[],AG-2630,0,NONE
4,4,5.351726052777778,8.268331663888889,6.818234006111112,0,22.376960216669094,1.0,1,[],AG-2631,0,NONE
4,4,4.833242950833333,11.9261880675,7.778839450740741,0,24.995270820514946,1.0,1,[],AG-2632,0,NONE
4,4,7.353841418611111,11.896574376111111,9.09408675388889,0,22.355129756358025,1.0,1,[],AG-2633,0,NONE
4,4,8.933545642222223,10.694990305277779,9.78628790111111,0,18.40210882717758,1.0,1,[],AG-2634,0,NONE
4,4,7.575091888055555,10.207683600277779,9.285835198148147,0,16.31766582223501,1.0,1,[],AG-2635,0,NONE
4,4,6.501933125277778,10.239324248055556,8.488048979537037,0,18.846516156197175,1.0,1,[],AG-2636,0,NONE
4,4,3.5767241072222222,4.995932201666666,4.097671313055556,0,32.90598680780497,1.0,1,[],AG-2637,0,NONE
4,4,0.1,5.578223104722222,3.0651301386111114,0,1643.9607912073136,1.0,1,['Unrealistic transport speed (1644.0 km/h) between step 2 and 3'],AG-2638,1,impossible_speed
4,4,3.0963935763888886,11.376826206111112,8.376109503148149,0,15.428850454149714,1.0,1,[],AG-2639,0,NONE
4,4,7.594930653611111,9.286047593333333,8.47256270611111,0,17.703557672777286,1.0,1,[],AG-2640,0,NONE
4,4,3.7815853130555555,11.780813108611111,7.015276750925927,0,43.47279395050798,1.0,1,[],AG-2641,0,NONE
4,4,3.1382987025,9.33259732,5.757896490185185,0,52.383821523990626,1.0,1,[],AG-2642,0,NONE
4,4,6.127275799722222,8.246391736944444,7.468564113055554,0,19.935516570747517,1.0,1,[],AG-2643,0,NONE
4,4,3.041863064166667,7.092831078055555,5.590100789814815,0,39.36908350157025,1.0,1,[],AG-2644,0,NONE
4,4,4.053080977777777,7.528522496388889,5.88043217462963,0,29.546747679139465,1.0,1,[],AG-2645,0,NONE
4,4,8.174044908888888,11.694499100833333,9.705423587685184,0,17.776917885411674,1.0,1,[],AG-2646,0,NONE
4,4,9.134352059166668,11.068714404722222,10.061151903240741,0,17.997563270593854,1.0,1,[],AG-2647,0,NONE
4,4,4.983440906388889,10.097904167777779,7.175134762500001,0,24.03065737570815,1.0,1,[],AG-2648,0,NONE
4,4,3.0875087255555558,10.489593404444443,7.075213361574074,0,53.245543165598825,1.0,1,[],AG-2649,0,NONE
4,4,3.6842593847222225,11.38256615861111,8.48549924962963,0,44.62120115712921,1.0,1,[],AG-2650,0,NONE
4,4,5.421682042222222,11.524062981666667,8.697903600185185,0,14.2654617023757,1.0,1,[],AG-2651,0,NONE
4,4,4.8610076908333335,10.854682485555555,8.44485058787037,0,24.63591267287008,1.0,1,[],AG-2652,0,NONE
4,4,3.7063881536111114,10.010446324722222,5.9319136374074075,0,40.303959354123684,1.0,1,[],AG-2653,0,NONE
4,4,10.632095361666666,11.621937814166667,10.989279070462963,0,14.145324278051055,1.0,1,[],AG-2654,0,NONE
4,4,5.472597296666666,10.928885236944446,8.190718984351852,0,21.882728525715258,1.0,1,[],AG-2655,0,NONE
4,4,4.154213551388889,9.751524472222222,7.212452339351851,0,39.57333369772683,1.0,1,[],AG-2656,0,NONE
4,4,4.573203259166666,9.177047818888889,6.764567794537037,0,26.1863193448659,1.0,1,[],AG-2657,0,NONE
4,4,3.1063798075,9.202894941666667,5.735348740185185,0,52.92207949710971,1.0,1,[],AG-2658,0,NONE
4,4,5.1342523725,7.937070603333334,6.136209965925926,0,23.324790502109245,1.0,1,[],AG-2659,0,NONE
4,4,4.894792338888889,9.30641364138889,7.230045376574075,0,33.58591493547386,1.0,1,[],AG-2660,0,NONE
4,4,8.14268746361111,11.813452066388889,9.710082246388888,0,13.916006785896547,1.0,1,[],AG-2661,0,NONE
4,4,4.312593618055556,6.889968765555556,5.876837607870371,0,27.76875624731705,1.0,1,[],AG-2662,0,NONE
4,4,4.58946549,11.960055932777777,8.015300619259259,0,21.930060853525955,1.0,1,[],AG-2663,0,NONE
4,4,5.7003076394444445,10.067996430277779,7.9425167127777785,0,28.83986084946698,1.0,1,[],AG-2664,0,NONE
4,4,3.540327399444444,10.324362622777777,7.051181613796295,0,16.42992814983952,1.0,1,[],AG-2665,0,NONE
4,4,6.248658189444445,11.386601181944444,8.559469894907407,0,20.43926480501152,1.0,1,[],AG-2666,0,NONE
4,4,4.790622995833333,11.668049048333334,9.088329766666668,0,24.997867934437263,1.0,1,[],AG-2667,0,NONE
4,4,6.1959813455555555,10.022781882777776,8.425832929907406,0,26.532694330762382,1.0,1,[],AG-2668,0,NONE
4,4,4.3036350444444444,8.685409714444445,6.189252315925926,0,27.826560509147228,1.0,1,[],AG-2669,0,NONE
4,4,3.642096703611111,10.6401069475,7.475647272037037,0,32.88088447920214,1.0,1,[],AG-2670,0,NONE
4,4,5.407251517777778,8.801798638333333,6.6104191104629635,0,30.402891113948655,1.0,1,[],AG-2671,0,NONE
4,4,6.268483562222222,11.689734295277779,8.746831939722222,0,19.84913810929976,1.0,1,[],AG-2672,0,NONE
4,4,5.111644729722222,9.694878103611112,6.690448641111111,0,31.225375726866325,1.0,1,[],AG-2673,0,NONE
4,4,3.8599834708333334,11.431142955277778,7.516599532037037,0,16.498246258932486,1.0,1,[],AG-2674,0,NONE
4,4,0.1,3.9353556361111113,2.5980523453703706,0,1643.9607912073136,1.0,1,['Unrealistic transport speed (1644.0 km/h) between step 2 and 3'],AG-2675,1,impossible_speed
4,4,4.137705364722223,9.638339054166668,6.92149608675926,0,28.942457332642732,1.0,1,[],AG-2676,0,NONE
4,4,6.211571185,11.237451485833333,9.409064315185185,0,14.629302678456929,1.0,1,[],AG-2677,0,NONE
4,4,4.216034171944444,11.536375189444446,7.868665825833333,0,15.248490142722119,1.0,1,[],AG-2678,0,NONE
4,4,6.914796342777778,10.895643391388887,8.856172771666666,0,23.7745366560848,1.0,1,[],AG-2679,0,NONE
4,4,6.2920498975,10.242369896111112,7.837054181296296,0,23.56344285650864,1.0,1,[],AG-2680,0,NONE
4,4,6.0949642552777785,10.631518395555556,9.021633584444444,0,19.648246643911122,1.0,1,[],AG-2681,0,NONE
4,4,3.082193396111111,11.522617606944445,7.299471545740741,0,38.85394119805023,1.0,1,[],AG-2682,0,NONE
4,4,3.0649618650000003,6.705622821666667,5.37779319175926,0,25.837086060244857,1.0,1,[],AG-2683,0,NONE
4,4,6.4052225425,9.634060686944444,7.515597552685185,0,25.262518775300215,1.0,1,[],AG-2684,0,NONE
4,4,9.880844646666667,11.189589630833334,10.446202913796297,0,14.691877409671202,1.0,1,[],AG-2685,0,NONE
4,4,6.71613488861111,10.681338210555555,9.225583647037036,0,24.477781022460718,1.0,1,[],AG-2686,0,NONE
4,4,5.449207174166666,8.6047840225,7.5378519738888885,0,30.168806922976287,1.0,1,[],AG-2687,0,NONE
4,4,3.920461397777778,7.8147367775,5.469545519537037,0,35.17668697783831,1.0,1,[],AG-2688,0,NONE
4,4,3.1325236219444443,4.954692766666667,3.966329745648148,0,52.480395668552426,1.0,1,[],AG-2689,0,NONE
4,4,5.972237823333334,10.591916693333333,8.895658981666665,0,27.526713433688354,1.0,1,[],AG-2690,0,NONE
4,4,3.642462252777778,7.231320989444444,5.20117129287037,0,25.319700037918466,1.0,1,[],AG-2691,0,NONE
4,4,5.2406612444444445,9.941027997222223,8.365000093148149,0,31.36933899228947,1.0,1,[],AG-2692,0,NONE
4,4,7.690252080555556,11.839042662777779,9.822752817777777,0,21.377202905532734,1.0,1,[],AG-2693,0,NONE
4,4,4.427502927777778,9.702521208333334,7.894719279074074,0,17.20680118822418,1.0,1,[],AG-2694,0,NONE
4,4,3.468787631111111,6.243839904444444,5.133981763148148,0,34.52369349436368,1.0,1,[],AG-2695,0,NONE
4,4,4.506243207777778,5.920621388611111,5.303921663611111,0,36.481847858762634,1.0,1,[],AG-2696,0,NONE
4,4,4.394927481944444,9.21676273111111,7.602449687777778,0,27.248540838388664,0.75,1,['Mismatched hash at step 3 (TRANSPORTER)'],AG-2697,1,broken_hash
4,4,6.045798870833333,11.726865358333333,8.982055341018517,0,27.19178765833994,1.0,1,[],AG-2698,0,NONE
4,4,3.9665249074999998,7.827179931944444,5.3929902527777775,0,30.191506108302402,1.0,1,[],AG-2699,0,NONE
4,4,6.948470082777778,10.249728389166666,9.002825393611111,0,17.234781116830465,1.0,1,[],AG-2700,0,NONE
4,4,4.212589563888889,11.087967398333333,7.556092053518519,0,16.25406150123229,1.0,1,[],AG-2701,0,NONE
4,4,4.679640560555556,6.128982111111111,5.172201732592593,0,35.13006543844783,1.0,1,[],AG-2702,0,NONE
4,4,3.6198892502777777,7.990682791388889,5.335267114814815,0,45.41467093450889,1.0,1,[],AG-2703,0,NONE
4,4,3.0064784586111113,8.742234561944445,6.0533683825,0,18.804812197142244,1.0,1,[],AG-2704,0,NONE
4,4,5.149079023888889,9.984149110277778,8.207420066111112,0,31.927278326478227,1.0,1,[],AG-2705,0,NONE
4,4,4.387183625277777,9.891606859722224,7.80926937601852,0,27.296637479115653,1.0,1,[],AG-2706,0,NONE
4,4,3.3939953708333332,8.930019271388888,5.3967737725000005,0,35.28447976171403,1.0,1,[],AG-2707,0,NONE
4,4,3.888782279722222,8.139109632222223,6.465408165648149,0,42.27443639052847,1.0,1,[],AG-2708,0,NONE
4,4,5.303446773055556,9.311826194166667,6.970819716018518,0,30.997969086058227,1.0,1,[],AG-2709,0,NONE
4,4,4.8786428413888885,11.007905926388888,7.769732760185185,0,22.14789730240266,1.0,1,[],AG-2710,0,NONE
4,4,-5.176998308611111,11.01387549,3.120525800462963,1,16439.607912073137,1.0,1,"['Unrealistic transport speed (16439.6 km/h) between step 2 and 3', 'Backward timestamp detected between step 2 and 3']",AG-2711,1,backward_time
4,4,3.7014183736111113,10.510108483888889,6.384875808796296,0,44.41434675225493,1.0,1,[],AG-2712,0,NONE
4,4,4.7380750308333335,8.91188862361111,6.705981149537036,0,34.69680789158321,1.0,1,[],AG-2713,0,NONE
4,4,3.949627637222222,8.747618698888889,6.477969246111111,0,41.623184315256445,1.0,1,[],AG-2714,0,NONE
4,4,4.50128387,10.945416174444443,6.690089630648148,0,36.52204212589049,1.0,1,[],AG-2715,0,NONE
4,4,6.1709166775,11.98590214861111,8.381309452037035,0,23.528481758426274,1.0,1,[],AG-2716,0,NONE
4,4,5.911058280555555,10.435394775277778,8.348540151851852,0,20.25954664792521,1.0,1,[],AG-2717,0,NONE
4,4,6.240076904444445,9.701205136666667,7.964476797222223,0,19.191327736397778,1.0,1,[],AG-2718,0,NONE
4,4,7.658484229444445,11.846608240555554,9.288985969907408,0,19.66021581019277,1.0,1,[],AG-2719,0,NONE
4,4,3.1953123430555554,10.701483829444443,6.297925501296295,0,37.47845221885331,1.0,1,[],AG-2720,0,NONE
4,4,7.6014433949999995,8.144506472222222,7.960654570925925,0,20.20597337239485,1.0,1,[],AG-2721,0,NONE
4,4,0.1,6.303746037222223,3.8335644580555552,0,1643.9607912073136,1.0,1,['Unrealistic transport speed (1644.0 km/h) between step 2 and 3'],AG-2722,1,impossible_speed
4,4,9.512224740833332,11.26093623,10.127184851944444,0,17.10963208016123,1.0,1,[],AG-2723,0,NONE
4,4,8.186092156111112,11.168900779444444,9.520449614999999,0,20.082363597385818,1.0,1,[],AG-2724,0,NONE
4,4,3.5033043794444443,8.186553265277778,5.132051402685185,0,44.35588904220833,1.0,1,[],AG-2725,0,NONE
4,4,5.040459042222222,10.82807862722222,8.893005847314816,0,23.758820371392698,1.0,1,[],AG-2726,0,NONE
4,4,3.487151538888889,8.689742583333333,6.632114761944444,0,47.14337111174494,1.0,1,[],AG-2727,0,NONE
4,4,4.378777343333334,9.279917873333332,7.5738041326851855,0,37.54383158372361,1.0,1,[],AG-2728,0,NONE
4,4,4.998770653333334,7.542564114999999,6.049794010277776,0,32.88730180311574,1.0,1,[],AG-2729,0,NONE
4,4,3.4437998825,8.142965314722222,6.059828964351852,0,47.7368269730555,1.0,1,[],AG-2730,0,NONE
4,4,0.1,7.328302517777778,4.66205725,0,1643.9607912073136,1.0,1,['Unrealistic transport speed (1644.0 km/h) between step 2 and 3'],AG-2731,1,impossible_speed
4,4,5.1808358255555556,7.7182300405555555,6.098459894074074,0,31.73157472194223,1.0,1,[],AG-2732,0,NONE
4,4,6.1347707116666665,9.045727981111112,7.330788038055556,0,24.133782591261504,1.0,1,[],AG-2733,0,NONE
4,4,5.7433696280555555,11.888867252777777,8.726075276944444,0,14.013048890441153,1.0,1,[],AG-2734,0,NONE
4,4,3.4038979583333333,10.363547281111112,6.188204053981482,0,24.963767762975912,1.0,1,[],AG-2735,0,NONE
4,4,4.329093700833333,8.589021983333334,6.035183491111112,0,27.662917286929464,1.0,1,[],AG-2736,0,NONE
4,4,5.746062450555555,10.238526962777778,7.741767382314815,0,28.610214479105917,1.0,1,[],AG-2737,0,NONE
4,4,5.327922030833333,7.709392933333333,6.79485064574074,0,30.855571490977393,1.0,1,[],AG-2738,0,NONE
4,4,3.1654966130555557,8.971755078055555,6.794765393703703,0,19.93393867585785,1.0,1,[],AG-2739,0,NONE
4,4,5.4415330625000005,9.26874019611111,7.298306874722222,0,30.21135353447673,0.75,1,['Mismatched hash at step 3 (TRANSPORTER)'],AG-2740,1,broken_hash
4,4,6.241972280833334,11.215819023055555,8.808208675092592,0,19.1855002851009,1.0,1,[],AG-2741,0,NONE
2,2,6.426310826666667,6.426310826666667,6.426310826666667,0,22.98565198930957,1.0,1,[],AG-2742,1,skipped_role
4,4,3.7921860194444443,8.373957676944444,5.652006832129629,0,43.351269763083884,1.0,1,[],AG-2743,0,NONE
4,4,5.226529257777778,7.764738274722222,6.331131414722222,0,21.172133986269166,1.0,1,[],AG-2744,0,NONE
4,4,5.1258428913888885,8.627078732222222,6.640046454629629,0,23.363057259265933,1.0,1,[],AG-2745,0,NONE
4,4,8.632131273333334,11.013618774722222,10.184615171944445,0,15.071015797978022,1.0,1,[],AG-2746,0,NONE
4,4,5.030244278611111,6.53561937,5.880646341388888,0,27.056293571029,1.0,1,[],AG-2747,0,NONE
4,4,0.1,8.629721404444444,4.6309895593518515,0,1643.9607912073136,1.0,1,['Unrealistic transport speed (1644.0 km/h) between step 2 and 3'],AG-2748,1,impossible_speed
4,4,4.247188741111111,7.880103760833333,5.662702657962963,0,33.820678869541396,1.0,1,[],AG-2749,0,NONE
4,4,4.217272444722222,9.346227489999999,7.09258309537037,0,28.3964013573251,1.0,1,[],AG-2750,0,NONE
4,4,5.8574658975,11.254009086111111,8.375845888796297,0,28.066075329759336,1.0,1,[],AG-2751,0,NONE
4,4,9.543715799444445,10.916743094444444,10.116458002314815,0,17.22558409904674,1.0,1,[],AG-2752,0,NONE
4,4,8.731626588055555,10.3952866425,9.612466933518519,0,15.814482541406397,1.0,1,[],AG-2753,0,NONE
4,4,3.2357839930555556,11.873600337777779,6.4310990845370375,0,50.80564075771075,1.0,1,[],AG-2754,0,NONE
4,4,3.234760435277778,8.36724623361111,5.560072689074073,0,37.021400307573664,1.0,1,[],AG-2755,0,NONE
4,4,0.1,7.2188714847222215,3.9915532615740736,0,1643.9607912073136,1.0,1,['Unrealistic transport speed (1644.0 km/h) between step 2 and 3'],AG-2756,1,impossible_speed
4,4,5.036457540833333,11.719335728333334,7.811031903611112,0,24.620133737674138,1.0,1,[],AG-2757,0,NONE
4,4,3.5952269180555554,11.894190757222223,8.43646899425926,0,33.309541707116615,1.0,1,[],AG-2758,0,NONE
4,4,5.221054567777777,7.117904365,6.087673191296297,0,23.0961348580484,1.0,1,[],AG-2759,0,NONE
4,4,5.816077422777778,8.503543871944444,6.914329604537038,0,28.265799639616084,1.0,1,[],AG-2760,0,NONE
4,4,7.6858418211111115,10.882046746666665,9.550055776203704,0,16.305448700680785,1.0,1,[],AG-2761,0,NONE
4,4,6.560500769722222,9.616530733888888,8.065446683981483,0,17.09515454896802,1.0,1,[],AG-2762,0,NONE
4,4,6.9559848725,10.959578184444444,9.292885389907406,0,15.000219566303029,1.0,1,[],AG-2763,0,NONE
4,4,9.209576626388888,11.271295379722222,10.537984275277777,0,17.850557717243483,1.0,1,[],AG-2764,0,NONE
4,4,4.617942526944445,8.26902948638889,6.797630708518518,0,35.599420772676304,1.0,1,[],AG-2765,0,NONE
4,4,3.224209015277778,7.083126621666667,5.4061613430555555,0,50.98803407029368,1.0,1,[],AG-2766,0,NONE
4,4,5.9166730211111105,9.403227710555555,8.052362868055555,0,18.60275932712795,1.0,1,[],AG-2767,0,NONE
4,4,6.2664905025,7.714355754722222,7.008477339814815,0,26.234154357234882,1.0,1,[],AG-2768,0,NONE
4,4,6.408107682777778,9.914342914166665,7.582637893425925,0,25.585094333068323,1.0,1,[],AG-2769,0,NONE
4,4,4.301466365277778,9.922411169166667,6.227664800555556,0,38.21861317986037,1.0,1,[],AG-2770,0,NONE
2,2,7.016324107222222,7.016324107222222,7.016324107222222,0,21.052753832287284,1.0,1,[],AG-2771,1,skipped_role
4,4,3.0317960872222223,9.888562264166668,5.343409411574075,0,38.50815804716541,1.0,1,[],AG-2772,0,NONE
4,4,4.951864595,8.471855379166668,6.954973713518519,0,24.183892486567448,1.0,1,[],AG-2773,0,NONE
4,4,3.059157209166667,10.939510784444444,7.46987236425926,0,53.73900975998349,1.0,1,[],AG-2774,0,NONE
4,4,3.4955754419444443,4.868738408611111,4.342624578981481,0,35.251199325335,1.0,1,[],AG-2775,0,NONE
4,4,5.685973919722222,11.283462284444445,9.170522042129628,0,28.91256299127778,1.0,1,[],AG-2776,0,NONE
4,4,0.1,8.499807804444444,5.6515095603703704,0,1643.9607912073136,1.0,1,['Unrealistic transport speed (1644.0 km/h) between step 2 and 3'],AG-2777,1,impossible_speed
4,4,3.322560383611111,9.916607846944444,6.49362201962963,0,49.47873330809361,1.0,1,[],AG-2778,0,NONE
4,4,3.584332798611111,10.589786670833334,7.137157022500001,0,45.86518282689404,1.0,1,[],AG-2779,0,NONE
2,2,4.888608323611111,4.888608323611111,4.888608323611111,0,30.21574535302102,1.0,1,[],AG-2780,1,skipped_role
4,4,3.789027671111111,11.814149511388889,7.787898930185185,0,31.60582908554011,1.0,1,[],AG-2781,0,NONE
4,4,5.584685734166667,8.4796014625,6.637561407685186,0,20.47661272536129,1.0,1,[],AG-2782,0,NONE
4,4,7.467572328888889,9.562662696111111,8.519614950833335,0,22.014661777663974,1.0,1,[],AG-2783,0,NONE
4,4,4.063864210277778,5.6143925772222225,4.806751906944444,0,34.66809702657842,1.0,1,[],AG-2784,0,NONE
4,4,6.726370255833333,11.990883065277778,9.637777494166667,0,17.803860985746955,1.0,1,[],AG-2785,0,NONE
4,4,3.1016754116666667,5.534640329166666,4.48233333037037,0,34.17311770383576,1.0,1,[],AG-2786,0,NONE
4,4,3.0551813619444443,9.172522097777778,6.047672671388888,0,53.80894279091271,1.0,1,[],AG-2787,0,NONE
4,4,4.746140219166667,10.504427701666666,8.57965095,0,34.63784707768205,1.0,1,[],AG-2788,0,NONE
4,4,7.333459708055555,8.810869986111111,8.263044694537037,0,22.41726083803909,1.0,1,[],AG-2789,0,NONE
4,4,3.504200566666667,11.350109790833333,8.393936656203705,0,34.174802125392,1.0,1,[],AG-2790,0,NONE
4,4,3.1684658741666665,8.196578779722222,6.453879842870369,0,51.88507171912304,1.0,1,[],AG-2791,0,NONE
4,4,3.2805584822222222,11.852568919722222,6.885755886574074,0,50.11222327284069,1.0,1,[],AG-2792,0,NONE
4,4,4.051601743611111,10.04109543388889,6.259702456296296,0,40.57557714796727,1.0,1,[],AG-2793,0,NONE
4,4,5.138780216388889,7.473489909444445,6.445698745555556,0,23.30423873579751,1.0,1,[],AG-2794,0,NONE
4,4,3.336555324444445,6.367941216111111,4.759870417592593,0,35.89191526247502,1.0,1,[],AG-2795,0,NONE
4,4,4.386699994722222,11.144602205555556,8.57417656861111,0,27.29964691399032,1.0,1,[],AG-2796,0,NONE
4,4,5.793228380277777,9.925332574999999,7.221534173055555,0,27.64798687569406,1.0,1,[],AG-2797,0,NONE
4,4,4.0425238836111115,10.783291821944443,7.104703215648147,0,29.623909325316,0.75,1,['Mismatched hash at step 3 (TRANSPORTER)'],AG-2798,1,broken_hash
4,4,5.999607780555555,11.00267288388889,9.283052167222223,0,27.40113772995816,1.0,1,[],AG-2799,0,NONE
2,2,8.749657668333334,8.749657668333334,8.749657668333334,0,16.882139831766604,1.0,1,[],AG-2800,1,skipped_role
4,4,7.790482251944445,9.955083876666668,8.928560835370371,0,16.513781416352796,1.0,1,[],AG-2801,0,NONE
4,4,3.921377635555556,11.624682490555555,7.860897332685185,0,30.539104392212835,1.0,1,[],AG-2802,0,NONE
4,4,8.166746483888888,11.489500368611111,9.964090799537034,0,16.060538182536,1.0,1,[],AG-2803,0,NONE
4,4,3.2609341758333334,7.8651939183333335,4.860887915925926,0,47.56093834848298,1.0,1,[],AG-2804,0,NONE
4,4,3.775076224166667,9.342098343055556,6.548141804351853,0,25.18611326630315,1.0,1,[],AG-2805,0,NONE
4,4,5.811965860277778,10.356977811388889,8.238593903611111,0,28.285795731235456,1.0,1,[],AG-2806,0,NONE
4,4,7.191258267499999,11.763137,9.585360562592593,0,16.772223887986048,1.0,1,[],AG-2807,0,NONE
4,4,0.1,8.799767489722221,5.378226787592593,0,1643.9607912073136,1.0,1,['Unrealistic transport speed (1644.0 km/h) between step 2 and 3'],AG-2808,1,impossible_speed
4,4,4.650177645,11.255379795833333,7.392200516666667,0,35.35264492475778,1.0,1,[],AG-2809,0,NONE
4,4,3.5882867894444446,7.3078687725,4.970713025925925,0,40.93544669010389,1.0,1,[],AG-2810,0,NONE
4,4,6.651173840277778,8.172104322500001,7.464941718796297,0,21.712350099583237,1.0,1,[],AG-2811,0,NONE
4,4,3.6383159097222224,7.148773674722222,5.502050907777778,0,28.745281373597592,1.0,1,[],AG-2812,0,NONE
4,4,3.594539411944444,7.341371904722222,5.122364641018518,0,33.31591262446026,1.0,1,[],AG-2813,0,NONE
4,4,6.079807511666667,11.821847035833333,8.668851765185186,0,20.283540074216404,1.0,1,[],AG-2814,0,NONE
4,4,9.407179394166667,10.530733744722221,9.86407218111111,0,17.475597331828535,1.0,1,[],AG-2815,0,NONE
4,4,0.1,7.006946091111111,4.586363121851852,0,1643.9607912073136,1.0,1,['Unrealistic transport speed (1644.0 km/h) between step 2 and 3'],AG-2816,1,impossible_speed
4,4,6.4101991202777775,8.941482831111111,7.600112759351852,0,22.070568423486378,1.0,1,[],AG-2817,0,NONE
4,4,3.0016590641666667,4.3429478858333335,3.8883783787962964,0,38.04999574788891,0.75,1,['Mismatched hash at step 3 (TRANSPORTER)'],AG-2818,1,broken_hash
4,4,4.760999581666667,9.133651091944444,6.581343376296296,0,20.473173588604688,1.0,1,[],AG-2819,0,NONE
4,4,9.460120997222223,11.430088348055556,10.708756858796297,0,17.37779877963538,1.0,1,[],AG-2820,0,NONE
4,4,7.593814914166667,10.672546615,9.631697412407407,0,15.467141245392074,1.0,1,[],AG-2821,0,NONE
4,4,-3.128836985277778,11.808266067777778,3.9866972538888894,1,16439.607912073137,1.0,1,"['Unrealistic transport speed (16439.6 km/h) between step 2 and 3', 'Backward timestamp detected between step 2 and 3']",AG-2822,1,backward_time
4,4,6.6542938905555555,9.405962865277777,7.658989063796295,0,24.705262770864216,1.0,1,[],AG-2823,0,NONE
4,4,6.2425909977777785,10.589949036666665,8.277111414444445,0,19.183598767907437,1.0,1,[],AG-2824,0,NONE
4,4,3.1044247719444447,8.835503184444445,5.411963644814815,0,27.87625535537638,1.0,1,[],AG-2825,0,NONE
4,4,4.22198171,10.253474531666667,6.2368128853703695,0,38.81859781991498,1.0,1,[],AG-2826,0,NONE
4,4,6.8171221611111115,8.609236334444445,7.505302576111112,0,23.188509413357842,1.0,1,[],AG-2827,0,NONE
4,4,3.066869923611111,7.483412672777778,5.791076437314815,0,53.603864270566085,1.0,1,[],AG-2828,0,NONE
4,4,6.302730227222223,11.804101045000001,8.674109205185186,0,26.0833120241583,1.0,1,[],AG-2829,0,NONE
4,4,4.278787319166667,9.214475383888889,6.942352960462963,0,27.98815459629887,1.0,1,[],AG-2830,0,NONE
4,4,5.207081736944445,8.490635483055556,7.135976123518518,0,22.998556009568848,1.0,1,[],AG-2831,0,NONE
4,4,5.812497493055556,10.182884165833334,8.232856878611111,0,20.603081741815252,1.0,1,[],AG-2832,0,NONE
2,2,7.086312946666667,7.086312946666667,7.086312946666667,0,20.844823725485483,1.0,1,[],AG-2833,1,skipped_role
4,4,5.651561510555555,11.799844631388888,7.875879005648148,0,21.189782814864518,1.0,1,[],AG-2834,0,NONE
4,4,3.5527598683333332,9.542745426666666,7.056287251574074,0,33.70769920053712,1.0,1,[],AG-2835,0,NONE
4,4,8.618853049444445,11.913283464444444,10.270732843703705,0,15.991740015314894,1.0,1,[],AG-2836,0,NONE
4,4,4.192848865277778,10.663007304444445,6.785498447407407,0,29.886722972598577,1.0,1,[],AG-2837,0,NONE
4,4,8.434393857222222,11.191183398055555,9.758760785648148,0,14.689785098982012,1.0,1,[],AG-2838,0,NONE
4,4,4.627282717777778,10.0427493475,6.598598330833333,0,32.072509293718284,1.0,1,[],AG-2839,0,NONE
4,4,8.359896826666667,11.706110703333334,10.15384048,0,19.664845455548626,1.0,1,[],AG-2840,0,NONE
4,4,4.505549348055555,9.533991826666666,7.661848924074074,0,26.579524875296787,1.0,1,[],AG-2841,0,NONE
4,4,4.043949279722222,9.799355383055556,6.117236077870371,0,40.65235930259336,1.0,1,[],AG-2842,0,NONE
4,4,6.418207147222223,9.7718506775,7.994248438703703,0,21.096198109111022,1.0,1,[],AG-2843,0,NONE
4,4,3.1067673608333335,11.345002734444444,8.428089906018519,0,52.91547773845388,1.0,1,[],AG-2844,0,NONE
4,4,3.3691585352777778,11.259409269444445,7.92481820101852,0,48.79440293455273,1.0,1,[],AG-2845,0,NONE
4,4,5.4037903413888895,10.725201058888889,7.381232686574076,0,27.332351921534272,1.0,1,[],AG-2846,0,NONE
4,4,0.1,9.934475576666665,5.070216097407407,0,1643.9607912073136,1.0,1,['Unrealistic transport speed (1644.0 km/h) between step 2 and 3'],AG-2847,1,impossible_speed
4,4,3.0762855,5.819428450833334,3.9969719511111115,0,53.11320046293211,1.0,1,[],AG-2848,0,NONE
4,4,0.1,7.01347983,4.221051000648148,0,1643.9607912073136,1.0,1,['Unrealistic transport speed (1644.0 km/h) between step 2 and 3'],AG-2849,1,impossible_speed
4,4,8.909449666944443,11.446549209444443,10.291710370092593,0,18.451878091939673,1.0,1,[],AG-2850,0,NONE
4,4,4.079793988055556,10.70796741861111,6.318975561851851,0,28.7240617636141,1.0,1,[],AG-2851,0,NONE
4,4,3.997605780277778,4.6629175475,4.439630087777778,0,41.12363453439577,1.0,1,[],AG-2852,0,NONE
4,4,5.487452059444444,11.304258517500001,7.878187055648149,0,29.95854493850011,1.0,1,[],AG-2853,0,NONE
4,4,3.6659735402777778,9.9939535525,6.701706038240741,0,18.58057590004384,1.0,1,[],AG-2854,0,NONE
4,4,5.381983672222223,7.425496077777778,6.5908844150000006,0,23.602582080510167,1.0,1,[],AG-2855,0,NONE
4,4,4.294853403055555,9.91836590972222,7.213911654351851,0,38.277459948638175,1.0,1,[],AG-2856,0,NONE
4,4,3.656275530277778,9.438602859722222,5.674820811203705,0,41.83549131313623,1.0,1,[],AG-2857,0,NONE
4,4,4.339688478888889,11.068611536111112,8.05710581287037,0,37.88200003766687,1.0,1,[],AG-2858,0,NONE
4,4,8.171762265555556,11.14155789111111,9.537938983611111,0,14.755214730956865,1.0,1,[],AG-2859,0,NONE
4,4,10.028433332777778,10.596442383055557,10.231103687222223,0,16.39299715773204,1.0,1,[],AG-2860,0,NONE
4,4,7.338597074722222,10.361789934444445,8.60186065962963,0,22.401567690232405,1.0,1,[],AG-2861,0,NONE
4,4,6.6055331863888895,11.629414981666667,8.975133635833334,0,18.91686015097537,1.0,1,[],AG-2862,0,NONE
2,2,5.609628013055556,5.609628013055556,5.609628013055556,0,26.332039110813213,1.0,1,[],AG-2863,1,skipped_role
4,4,5.689833106666667,8.946606797777777,7.049127477037037,0,28.89295275253534,1.0,1,[],AG-2864,0,NONE
2,2,6.941853743888889,6.941853743888889,6.941853743888889,0,21.278602184168484,1.0,1,[],AG-2865,1,skipped_role
4,4,5.146366181944445,11.967452036944445,7.870908673425927,0,31.94410838807001,1.0,1,[],AG-2866,0,NONE
4,4,10.306002781111111,11.69916725888889,11.229918217962963,0,15.951487944679895,1.0,1,[],AG-2867,0,NONE
2,2,3.385330801111111,3.385330801111111,3.385330801111111,0,43.63323790644357,1.0,1,[],AG-2868,1,skipped_role
4,4,0.1,8.214111410833334,3.882003472592593,0,1643.9607912073136,1.0,1,['Unrealistic transport speed (1644.0 km/h) between step 2 and 3'],AG-2869,1,impossible_speed
4,4,-2.688996035833333,9.311671300555556,3.357432413703704,1,16439.607912073137,1.0,1,"['Unrealistic transport speed (16439.6 km/h) between step 2 and 3', 'Backward timestamp detected between step 2 and 3']",AG-2870,1,backward_time
4,4,3.5756185380555556,10.518169412777779,8.150340501574075,0,45.976962411133215,1.0,1,[],AG-2871,0,NONE
4,4,6.036087991944444,10.523063531944445,8.73350238361111,0,15.622454299708517,0.75,1,['Mismatched hash at step 3 (TRANSPORTER)'],AG-2872,1,broken_hash
4,4,4.235964617777777,10.527843830555556,8.300574492592594,0,15.615360729762665,1.0,1,[],AG-2873,0,NONE
4,4,4.086709405833333,6.736388918055555,5.031409849166667,0,38.4900557987866,1.0,1,[],AG-2874,0,NONE
4,4,3.3662900491666665,11.331079775277779,6.199026826851852,0,48.83598166516519,1.0,1,[],AG-2875,0,NONE
4,4,3.057146206944444,7.382707273333334,4.526842138888889,0,39.17227141491964,1.0,1,[],AG-2876,0,NONE
4,4,6.74600018,10.982236277777778,9.331647562314815,0,24.369415169617053,1.0,1,[],AG-2877,0,NONE
4,4,6.708281920555555,8.758431333611112,7.724831677129629,0,21.328585042008992,1.0,1,[],AG-2878,0,NONE
4,4,4.6200042027777775,11.552682576944443,7.890558497962961,0,21.92243319558057,1.0,1,[],AG-2879,0,NONE
4,4,4.727125756944444,11.879431722777777,8.208650370277779,0,34.77717487824884,1.0,1,[],AG-2880,0,NONE
4,4,7.177944063611111,11.881039104166666,8.875616659074074,0,21.722908616146704,1.0,1,[],AG-2881,0,NONE
4,4,4.014112101388889,10.594035250833333,6.317034701666667,0,37.85349209742482,1.0,1,[],AG-2882,0,NONE
4,4,3.486248528888889,11.304057355000001,7.0226811685185195,0,47.15558221350515,1.0,1,[],AG-2883,0,NONE
4,4,3.939789896111111,11.010716339999998,7.342944961944444,0,30.396382581651885,1.0,1,[],AG-2884,0,NONE
4,4,3.637735486388889,7.634133458333333,5.463189141388888,0,45.191872728471594,0.75,1,['Mismatched hash at step 3 (TRANSPORTER)'],AG-2885,1,broken_hash
4,4,5.070569120555556,11.085354811944445,8.626568238055555,0,23.617735628145603,1.0,1,[],AG-2886,0,NONE
4,4,4.985964824722222,10.828976726666667,7.398244347407409,0,25.768252670473693,0.75,1,['Mismatched hash at step 3 (TRANSPORTER)'],AG-2887,1,broken_hash
4,4,4.304471447777778,11.350984048055555,7.583457783055555,0,16.879034183215584,1.0,1,[],AG-2888,0,NONE
4,4,4.819898016944444,11.780003021944445,8.429363697037038,0,24.846036275563836,1.0,1,[],AG-2889,0,NONE
4,4,-5.041358332222223,7.1898086602777775,2.3757108021296296,1,16439.607912073137,1.0,1,"['Unrealistic transport speed (16439.6 km/h) between step 2 and 3', 'Backward timestamp detected between step 2 and 3']",AG-2890,1,backward_time
4,4,8.203093012777778,11.574841279444446,10.309379065462963,0,14.743774667929944,1.0,1,[],AG-2891,0,NONE
4,4,4.947983438611111,10.759791478333334,7.801231318981482,0,24.202862127431644,1.0,1,[],AG-2892,0,NONE
4,4,5.230482995,10.853386239722221,7.645620844629629,0,22.89566013081357,1.0,1,[],AG-2893,0,NONE
4,4,6.7599466802777775,11.223792487222221,9.689335105462964,0,17.71542981587525,1.0,1,[],AG-2894,0,NONE
4,4,0.1,9.269881556944444,5.306254321111111,0,1643.9607912073136,1.0,1,['Unrealistic transport speed (1644.0 km/h) between step 2 and 3'],AG-2895,1,impossible_speed
4,4,0.1,11.549405060555555,4.92040399462963,0,1643.9607912073136,1.0,1,['Unrealistic transport speed (1644.0 km/h) between step 2 and 3'],AG-2896,1,impossible_speed
2,2,3.1433714800000003,3.1433714800000003,3.1433714800000003,0,46.99188281650131,1.0,1,[],AG-2897,1,skipped_role
4,4,8.133427178333333,11.787787006111111,9.391385061203705,0,19.91969640123819,1.0,1,[],AG-2898,0,NONE
4,4,6.333784145555556,10.108728415000002,7.873724882407408,0,25.955428120500258,1.0,1,[],AG-2899,0,NONE
4,4,5.669309830833334,9.216755747777778,7.554782840370371,0,21.135266013850252,1.0,1,[],AG-2900,0,NONE
4,4,3.728631374166667,10.150308779444444,7.989388916944445,0,32.11777967734466,1.0,1,[],AG-2901,0,NONE
4,4,3.998698893611111,10.99180115361111,8.020792248796296,0,29.948581816164758,1.0,1,[],AG-2902,0,NONE
4,4,3.6030532275000002,8.029114122222222,5.40319132611111,0,33.23718896504141,1.0,1,[],AG-2903,0,NONE
4,4,4.022019109444444,7.306441185277778,5.492051547685186,0,40.87401741446205,1.0,1,[],AG-2904,0,NONE
4,4,5.028935036666666,9.705150431666668,6.969496830833333,0,32.69003833258864,1.0,1,[],AG-2905,0,NONE
4,4,3.5703226205555554,7.3760421463888886,5.6844680010185185,0,26.91911297190499,1.0,1,[],AG-2906,0,NONE
4,4,5.630379178055556,9.104774627222222,7.510284330833333,0,21.26950196183363,1.0,1,[],AG-2907,0,NONE
4,4,3.5906483211111113,11.467882983055555,8.69522007462963,0,45.78451143604609,1.0,1,[],AG-2908,0,NONE
4,4,3.9842842852777776,11.609642369166666,7.0630936145370375,0,30.056931784718447,1.0,1,[],AG-2909,0,NONE
4,4,7.6861887541666665,10.874938255833333,9.068870928425925,0,21.388504026994212,1.0,1,[],AG-2910,0,NONE
4,4,6.781169757222222,9.639383195277777,7.895232404074075,0,24.24302664678802,1.0,1,[],AG-2911,0,NONE
4,4,5.090952571666667,11.527038407777777,8.473346420185186,0,14.261779418537065,0.75,1,['Mismatched hash at step 3 (TRANSPORTER)'],AG-2912,1,broken_hash
4,4,5.936757723888889,9.27177222638889,7.8495817486111115,0,19.711251244117992,1.0,1,[],AG-2913,0,NONE
4,4,4.187588267777778,10.104134356666666,6.279118917777777,0,26.345138561072933,1.0,1,[],AG-2914,0,NONE
4,4,3.4258704286111112,9.927747634166666,6.510568707037037,0,47.986659900438646,1.0,1,[],AG-2915,0,NONE
4,4,5.567219239722222,11.758854803333332,8.910794531388888,0,29.52929856754374,1.0,1,[],AG-2916,0,NONE
4,4,4.052256013333333,11.9439573425,6.81583525824074,0,40.56902589071644,1.0,1,[],AG-2917,0,NONE
4,4,4.846398257222223,9.364209430833334,7.733529074074075,0,17.55578838074978,1.0,1,[],AG-2918,0,NONE
4,4,4.0934102108333335,11.779191110000001,7.891795979074074,0,29.25564622294235,1.0,1,[],AG-2919,0,NONE
4,4,0.1,7.915310291666667,4.139929899537037,0,1643.9607912073136,1.0,1,['Unrealistic transport speed (1644.0 km/h) between step 2 and 3'],AG-2920,1,impossible_speed
4,4,9.787454901944445,11.726450014722221,10.859234002592592,0,14.019253816315834,1.0,1,[],AG-2921,0,NONE
4,4,6.048159869166667,11.300628915277777,8.968560957314814,0,19.800296877737807,1.0,1,[],AG-2922,0,NONE
4,4,0.1,8.557697933611111,4.236527604722222,0,1643.9607912073136,1.0,1,['Unrealistic transport speed (1644.0 km/h) between step 2 and 3'],AG-2923,1,impossible_speed
4,4,4.7563477177777775,8.473360886944445,6.989204394351852,0,34.56351151667675,1.0,1,[],AG-2924,0,NONE
4,4,7.009122737499999,9.044019986944445,7.966284457314814,0,23.454587011464984,1.0,1,[],AG-2925,0,NONE
4,4,0.1,11.176022551944445,6.573907649537037,0,1643.9607912073136,1.0,1,['Unrealistic transport speed (1644.0 km/h) between step 2 and 3'],AG-2926,1,impossible_speed
4,4,5.561853290277778,6.355480358888889,6.081334451018519,0,25.866821992582206,1.0,1,[],AG-2927,0,NONE
4,4,6.997983259444444,11.9333744925,9.494012654814815,0,23.49192231902859,1.0,1,[],AG-2928,0,NONE
4,4,6.8144897861111104,11.73324605888889,9.871865094629628,0,24.124488300766657,1.0,1,[],AG-2929,0,NONE
4,4,-3.3416669686111113,11.895441851111112,6.650717281296298,1,16439.607912073137,1.0,1,"['Unrealistic transport speed (16439.6 km/h) between step 2 and 3', 'Backward timestamp detected between step 2 and 3']",AG-2930,1,backward_time
4,4,4.5740370975,8.7492539975,6.261083607870371,0,30.109394078360715,1.0,1,[],AG-2931,0,NONE
4,4,4.793318053055556,10.490553508888889,6.963013353611111,0,21.365166987800443,1.0,1,[],AG-2932,0,NONE
4,4,3.241560132222222,8.033529510000001,6.148718716666667,0,36.943741929421705,1.0,1,[],AG-2933,0,NONE
2,2,7.252870523333333,7.252870523333333,7.252870523333333,0,20.36613555442393,1.0,1,[],AG-2934,1,skipped_role
4,4,3.255983263888889,11.161138774444444,7.740064882962963,0,36.78009107162491,1.0,1,[],AG-2935,0,NONE
4,4,6.255835594444445,7.324373149166667,6.834941782407408,0,22.445071512971126,1.0,1,[],AG-2936,0,NONE
4,4,6.358819943888889,10.364527151666666,8.773320843518517,0,25.853237011172705,1.0,1,[],AG-2937,0,NONE
2,2,5.877130002777778,5.877130002777778,5.877130002777778,0,25.133516557754714,1.0,1,[],AG-2938,1,skipped_role
4,4,5.4540331830555555,11.208941590833332,7.812866940092593,0,24.26286191050158,1.0,1,[],AG-2939,0,NONE
4,4,7.6247984375,11.4268531775,9.649877851388888,0,21.56071146906713,1.0,1,[],AG-2940,0,NONE
4,4,7.893411017222222,10.85198821,9.728932398888888,0,15.14893639206519,1.0,1,[],AG-2941,0,NONE
4,4,3.8625006886111115,9.195119777777778,7.0926800799074075,0,42.562084093723584,1.0,1,[],AG-2942,0,NONE
4,4,6.062817821666666,7.364091222777778,6.594678933425925,0,22.324014484263845,1.0,1,[],AG-2943,0,NONE
4,4,4.695751064722222,11.073510595,6.919761058425927,0,35.009538805366006,1.0,1,[],AG-2944,0,NONE
4,4,6.756116316666667,10.22322254638889,8.766574285833334,0,17.725473535453393,1.0,1,[],AG-2945,0,NONE
4,4,5.8041611925000005,7.315664068888889,6.460980784351851,0,28.32383072564561,1.0,1,[],AG-2946,0,NONE
4,4,3.2588358349999997,9.38905394638889,6.242098649351853,0,36.74789619266595,1.0,1,[],AG-2947,0,NONE
4,4,4.128097630277778,5.039169876111111,4.4828338446296305,0,32.623643013122845,1.0,1,[],AG-2948,0,NONE
4,4,-3.9370195794444443,6.881227257777778,2.3165691421296297,1,16439.607912073137,1.0,1,"['Unrealistic transport speed (16439.6 km/h) between step 2 and 3', 'Backward timestamp detected between step 2 and 3']",AG-2949,1,backward_time
4,4,7.221741073333334,11.176763685555555,8.912363434537037,0,22.76405058716003,1.0,1,[],AG-2950,0,NONE
2,2,10.041337326944445,10.041337326944445,10.041337326944445,0,14.710485210025405,1.0,1,[],AG-2951,1,skipped_role
4,4,3.817013817222222,6.163802998333333,4.881284412222222,0,31.374096796083943,1.0,1,[],AG-2952,0,NONE
4,4,4.445016024166667,9.556986805277779,7.169237522407407,0,21.902802648134948,1.0,1,[],AG-2953,0,NONE
4,4,3.1258588041666666,8.203203103333333,5.427348196574074,0,52.592292045180294,1.0,1,[],AG-2954,0,NONE
4,4,3.8881714666666665,11.762219135,7.8281763342592585,0,30.799917647712757,1.0,1,[],AG-2955,0,NONE
4,4,4.666132010277778,9.28319616111111,7.670353151666667,0,35.231767716521325,1.0,1,[],AG-2956,0,NONE
2,2,5.047987913055556,5.047987913055556,5.047987913055556,0,29.261746814976306,1.0,1,[],AG-2957,1,skipped_role
2,2,4.223211329166666,4.223211329166666,4.223211329166666,0,34.976451028331404,1.0,1,[],AG-2958,1,skipped_role
4,4,3.3654770683333335,5.953038666111111,4.453339732407407,0,29.63138893148701,1.0,1,[],AG-2959,0,NONE
4,4,6.995602831388889,11.785611425,8.922152425462963,0,23.499916030552093,1.0,1,[],AG-2960,0,NONE
4,4,10.221927600277777,11.451738015555556,10.908819146388888,0,16.082688661996,1.0,1,[],AG-2961,0,NONE
4,4,3.9465469611111113,8.926934369444444,6.605335494722222,0,23.679579905478885,1.0,1,[],AG-2962,0,NONE
4,4,9.672889436111111,11.79813769388889,10.834291935000001,0,16.99555031684774,0.75,1,['Mismatched hash at step 3 (TRANSPORTER)'],AG-2963,1,broken_hash
4,4,4.104859509166666,11.915951867777776,8.125152948796297,0,29.174046202090743,1.0,1,[],AG-2964,0,NONE
4,4,8.342849734722222,9.893749477222222,9.347775235185184,0,19.70502698095221,1.0,1,[],AG-2965,0,NONE
4,4,6.639992392777778,8.428488891944445,7.476425672685186,0,24.758474015654382,1.0,1,[],AG-2966,0,NONE
4,4,5.0773961369444445,11.48162704111111,7.987698538425925,0,32.37802895160042,1.0,1,[],AG-2967,0,NONE
4,4,-4.716817448333334,11.748652954444443,3.802155122222222,1,16439.607912073137,1.0,1,"['Unrealistic transport speed (16439.6 km/h) between step 2 and 3', 'Backward timestamp detected between step 2 and 3']",AG-2968,1,backward_time
4,4,9.764487718611113,10.134582736944445,9.93573981101852,0,16.592007194689092,1.0,1,[],AG-2969,0,NONE
4,4,5.3549874638888895,10.737050808055555,7.394859706481481,0,26.98317224876536,1.0,1,[],AG-2970,0,NONE
4,4,4.0722069775,10.67586860361111,7.266371751111111,0,23.315154468407624,1.0,1,[],AG-2971,0,NONE
4,4,8.934699242777778,10.962302061666668,9.97048117675926,0,16.4158996990021,1.0,1,[],AG-2972,0,NONE
4,4,6.501724417499999,9.876100241944446,8.165840557314816,0,16.645849585702912,1.0,1,[],AG-2973,0,NONE
4,4,4.406798612777778,8.06029870138889,6.565154243333333,0,27.175138120966537,1.0,1,[],AG-2974,0,NONE
2,2,8.5524570875,8.5524570875,8.5524570875,0,17.271404314063716,1.0,1,[],AG-2975,1,skipped_role
4,4,4.153782572777778,8.31417073611111,6.255214718611111,0,39.57743965659571,1.0,1,[],AG-2976,0,NONE
4,4,6.425160399722222,8.626377001944444,7.301623704722222,0,25.586299624183496,1.0,1,[],AG-2977,0,NONE
4,4,5.111598795833333,5.808895754444444,5.372851509351851,0,32.1613815338436,1.0,1,[],AG-2978,0,NONE
4,4,-3.8436375455555556,10.770316696111111,3.3680290207407406,1,16439.607912073137,1.0,1,"['Unrealistic transport speed (16439.6 km/h) between step 2 and 3', 'Backward timestamp detected between step 2 and 3']",AG-2979,1,backward_time
4,4,3.2001280625,7.227299111388889,5.425352050740741,0,51.37171885312054,1.0,1,[],AG-2980,0,NONE
4,4,4.853174843055555,9.217775680555555,7.1553926938888885,0,24.67567414037817,1.0,1,[],AG-2981,0,NONE
4,4,4.815827641388889,11.724849775000001,7.412121831574075,0,24.867036341645793,1.0,1,[],AG-2982,0,NONE
4,4,5.386395897222222,8.161686238888889,6.4079881857407415,0,28.963968405911615,1.0,1,[],AG-2983,0,NONE
4,4,8.203739232222222,9.4593615875,8.663294239537038,0,20.03916439408812,1.0,1,[],AG-2984,0,NONE
4,4,3.6899543244444444,6.843953012499999,5.5532519069444435,0,32.454429091490205,1.0,1,[],AG-2985,0,NONE
4,4,5.820176696666667,8.971110275833334,7.17337174287037,0,28.245891437434253,1.0,1,[],AG-2986,0,NONE
4,4,7.928062398888889,10.928069115833335,9.168908981203703,0,15.043469928511257,1.0,1,[],AG-2987,0,NONE
4,4,8.947255944166667,11.442926944722222,10.268451627407408,0,15.784288461674945,1.0,1,[],AG-2988,0,NONE
4,4,10.674971833333334,11.411723405833333,11.082739228796298,0,14.728822156483211,1.0,1,[],AG-2989,0,NONE
4,4,5.163365530555556,9.717901648333335,7.347882449259259,0,31.83893879832348,1.0,1,[],AG-2990,0,NONE
4,4,3.579847765833333,10.471929425,6.294599854814815,0,45.92264528390148,1.0,1,[],AG-2991,0,NONE
4,4,5.1251684775,9.181694130555556,6.4844044697222225,0,32.076229267866324,1.0,1,[],AG-2992,0,NONE
4,4,-3.7445316441666665,8.822298460833334,4.085068041666667,1,16439.607912073137,1.0,1,"['Unrealistic transport speed (16439.6 km/h) between step 2 and 3', 'Backward timestamp detected between step 2 and 3']",AG-2993,1,backward_time
4,4,5.499947927222221,10.107028560555555,7.8544438324999994,0,29.890479200184085,0.75,1,['Mismatched hash at step 3 (TRANSPORTER)'],AG-2994,1,broken_hash
4,4,3.179178673888889,10.736256026111112,5.890266856574075,0,31.889132811013685,1.0,1,[],AG-2995,0,NONE
4,4,6.572055455277778,10.971474169166665,8.862859428425926,0,18.221903602068465,1.0,1,[],AG-2996,0,NONE
4,4,7.697618029722222,11.396419026666667,9.568120240092592,0,15.557456931627117,1.0,1,[],AG-2997,0,NONE
4,4,3.8122390891666664,9.958717959166666,7.389782961481482,0,19.574709340646248,1.0,1,[],AG-2998,0,NONE
4,4,5.1234427125,9.735368063333333,7.22154392074074,0,32.087033728247505,1.0,1,[],AG-2999,0,NONE
4,4,5.288753284166667,8.305328499444444,7.002436335,0,19.79404898093171,0.75,1,['Mismatched hash at step 3 (TRANSPORTER)'],AG-3000,1,broken_hash
4,4,5.217120205277778,7.273687117777778,5.996803734907407,0,31.51088582441016,1.0,1,[],AG-3001,0,NONE
4,4,5.7735425919444445,8.808578295277778,6.9639248284259265,0,28.474039379237553,1.0,1,[],AG-3002,0,NONE
4,4,9.2161420975,11.467634487777778,10.261000327222222,0,17.83784119011424,1.0,1,[],AG-3003,0,NONE
4,4,6.265695885833333,11.626352506111111,9.400767027314814,0,26.23748137735651,1.0,1,[],AG-3004,0,NONE
4,4,11.261340240277779,11.64673170861111,11.418546183981482,0,14.48734207706386,0.75,1,['Mismatched hash at step 3 (TRANSPORTER)'],AG-3005,1,broken_hash
4,4,8.682174323888889,11.24301721111111,10.312470695,0,14.622060611831497,1.0,1,[],AG-3006,0,NONE
4,4,3.7208510369444445,10.015110138611112,6.400763302222223,0,44.182386633712994,1.0,1,[],AG-3007,0,NONE
4,4,10.382171794166668,10.890851045277778,10.56421021037037,0,15.834459531203194,1.0,1,[],AG-3008,0,NONE
4,4,8.419043478055555,10.320852435555555,9.459988533055554,0,15.928536925339946,1.0,1,[],AG-3009,0,NONE
4,4,8.67140707361111,10.119173860277778,9.188304512222222,0,18.95840867868177,1.0,1,[],AG-3010,0,NONE
4,4,0.1,8.182284107222221,4.509572066759259,0,1643.9607912073136,1.0,1,['Unrealistic transport speed (1644.0 km/h) between step 2 and 3'],AG-3011,1,impossible_speed
4,4,6.692845844722222,11.454763992777776,8.83125165398148,0,24.56295616764716,1.0,1,[],AG-3012,0,NONE
4,4,5.5361759572222216,8.337183739444445,6.607194538888888,0,27.63784304890986,1.0,1,[],AG-3013,0,NONE
2,2,11.50281439361111,11.50281439361111,11.50281439361111,0,12.841461157448126,1.0,1,[],AG-3014,1,skipped_role
4,4,8.639646217777779,11.308011166944445,9.590539196111111,0,18.630646028237305,1.0,1,[],AG-3015,0,NONE
4,4,3.448046681388889,10.666477840555556,7.5588536560185196,0,47.67803174129646,1.0,1,[],AG-3016,0,NONE
4,4,3.127034161111111,8.105186090277778,5.2544420686111115,0,38.296786924440845,1.0,1,[],AG-3017,0,NONE
4,4,4.828308274722223,11.514470940555556,7.121044921111111,0,34.04838087522265,1.0,1,[],AG-3018,0,NONE
4,4,4.8594535769444445,6.881777299166667,6.0599641707407415,0,24.643791545143298,1.0,1,[],AG-3019,0,NONE
4,4,4.313485669166667,6.76497892,5.918393835462964,0,27.76301352512797,1.0,1,[],AG-3020,0,NONE
4,4,6.326739655833334,11.165954114722222,8.883699181944444,0,25.984328115849703,1.0,1,[],AG-3021,0,NONE
4,4,5.909213816944445,9.23721202138889,8.109365960555555,0,17.7971533770222,1.0,1,[],AG-3022,0,NONE
4,4,3.469013504722222,8.012999769444445,5.046504612685185,0,34.521445595556756,1.0,1,[],AG-3023,0,NONE
4,4,8.38408859361111,11.704888598888889,10.514291551388888,0,14.283646890942505,1.0,1,[],AG-3024,0,NONE
4,4,5.722566200833334,8.5769208925,6.950586140833333,0,28.72768498454271,1.0,1,[],AG-3025,0,NONE
4,4,5.342624869444445,11.372942470277778,8.083095945462963,0,21.82136690543129,1.0,1,[],AG-3026,0,NONE
4,4,4.051578505555556,7.773814208055556,5.367184773240741,0,38.44477694336694,1.0,1,[],AG-3027,0,NONE
4,4,5.546329573611112,11.336133382222224,9.258296808425927,0,29.64051756010167,0.75,1,['Mismatched hash at step 3 (TRANSPORTER)'],AG-3028,1,broken_hash
4,4,5.839886275277777,11.951085593055556,9.608339385555555,0,28.150561735538556,1.0,1,[],AG-3029,0,NONE
4,4,3.4789996944444446,10.183981649166668,7.5265855475925925,0,34.42235455345258,1.0,1,[],AG-3030,0,NONE
4,4,4.044216423888889,7.204195558611111,5.240135531296296,0,29.61151145772856,0.75,1,['Mismatched hash at step 3 (TRANSPORTER)'],AG-3031,1,broken_hash
4,4,7.1198373394444445,11.899367253333335,9.022298425833334,0,20.427733316443405,1.0,1,[],AG-3032,0,NONE
4,4,4.514655014444444,10.813557986666666,6.6513692260185175,0,35.53822354410377,0.75,1,['Mismatched hash at step 3 (TRANSPORTER)'],AG-3033,1,broken_hash
4,4,8.251926518888888,11.744646191944444,9.422556442407407,0,19.92214530078815,1.0,1,[],AG-3034,0,NONE
4,4,3.6915191652777777,9.914280842777776,7.565992217685185,0,16.581745234752802,1.0,1,[],AG-3035,0,NONE
4,4,6.547528225000001,9.125754685,7.995443130185186,0,25.108113088085442,1.0,1,[],AG-3036,0,NONE
4,4,7.1420986241666675,9.369359850277778,7.943384772777779,0,17.546137809602588,1.0,1,[],AG-3037,0,NONE
4,4,3.394622995833333,8.601283703333333,5.986916331388888,0,48.42837608845409,1.0,1,[],AG-3038,0,NONE
4,4,3.4381402375000003,8.792796265555555,6.046491374444446,0,20.26818963841848,1.0,1,[],AG-3039,0,NONE
4,4,-5.860197239166667,10.789639596666667,3.8397229433333333,1,16439.607912073137,1.0,1,"['Unrealistic transport speed (16439.6 km/h) between step 2 and 3', 'Backward timestamp detected between step 2 and 3']",AG-3040,1,backward_time
4,4,5.564423001111112,9.773027096666667,8.074676262407408,0,16.821408300075493,0.75,1,['Mismatched hash at step 3 (TRANSPORTER)'],AG-3041,1,broken_hash
4,4,0.1,5.790911765,3.3574972604629623,0,1643.9607912073136,1.0,1,['Unrealistic transport speed (1644.0 km/h) between step 2 and 3'],AG-3042,1,impossible_speed
4,4,5.416314632222222,7.008981734166667,6.306034034259259,0,25.31972860351798,1.0,1,[],AG-3043,0,NONE
4,4,4.677202492222222,8.676176308333334,6.555834363518518,0,35.148377559899885,1.0,1,[],AG-3044,0,NONE
2,2,9.176128822777777,9.176128822777777,9.176128822777777,0,16.097522941289416,1.0,1,[],AG-3045,1,skipped_role
4,4,5.616327220277777,7.722100054999999,6.758208981851851,0,29.271100609519067,1.0,1,[],AG-3046,0,NONE
4,4,4.150107735,11.126132568055557,8.61669396388889,0,14.775671430765797,1.0,1,[],AG-3047,0,NONE
4,4,3.4058541330555556,3.9686895430555555,3.6877787845370373,0,48.268678780216504,1.0,1,[],AG-3048,0,NONE
4,4,5.280422979722222,8.116303893333333,6.2301562374074075,0,31.13312697714596,1.0,1,[],AG-3049,0,NONE
4,4,-3.5718293502777776,4.615969762777778,1.5979184995370372,1,16439.607912073137,1.0,1,"['Unrealistic transport speed (16439.6 km/h) between step 2 and 3', 'Backward timestamp detected between step 2 and 3']",AG-3050,1,backward_time
4,4,7.094983338055556,9.032338798333333,8.247205227962963,0,18.200831788004464,1.0,1,[],AG-3051,0,NONE
4,4,8.436475860555555,10.844542153611112,9.6680939625,0,19.486344990253503,1.0,1,[],AG-3052,0,NONE
4,4,-4.767224919999999,10.819024688888888,3.532472643240741,1,16439.607912073137,1.0,1,"['Unrealistic transport speed (16439.6 km/h) between step 2 and 3', 'Backward timestamp detected between step 2 and 3']",AG-3053,1,backward_time
4,4,6.246559047777778,11.765297029444444,8.859450149166667,0,19.171412622141624,1.0,1,[],AG-3054,0,NONE
4,4,3.1248832622222222,5.723909927777778,4.324866199814815,0,39.84581501212098,1.0,1,[],AG-3055,0,NONE
4,4,-4.598959304166667,6.922096264166666,2.402067427685185,1,16439.607912073137,1.0,1,"['Unrealistic transport speed (16439.6 km/h) between step 2 and 3', 'Backward timestamp detected between step 2 and 3']",AG-3056,1,backward_time
4,4,4.333490820833333,9.9274903175,7.019298053333333,0,37.93617799543831,1.0,1,[],AG-3057,0,NONE
4,4,7.243402787777778,10.73816800888889,8.749535740370371,0,15.309508939015187,0.75,1,['Mismatched hash at step 3 (TRANSPORTER)'],AG-3058,1,broken_hash
4,4,3.070868528888889,9.417835331666668,7.0541309278703705,0,18.953421154377548,1.0,1,[],AG-3059,0,NONE
4,4,3.3331549344444444,11.991237309722223,8.301366388796296,0,35.92853117506827,1.0,1,[],AG-3060,0,NONE
4,4,10.808707761666668,11.417528585277777,11.123964875555556,0,14.749786418611475,1.0,1,[],AG-3061,0,NONE
4,4,5.410639837777778,8.187630168055556,7.192523724074074,0,22.133308548348136,1.0,1,[],AG-3062,0,NONE
4,4,6.120877020277778,11.450680284444445,8.949729089444444,0,26.858255536928063,1.0,1,[],AG-3063,0,NONE
2,2,5.088928018333334,5.088928018333334,5.088928018333334,0,29.02633790549655,1.0,1,[],AG-3064,1,skipped_role
4,4,7.216205531111111,10.681084123055557,9.111360705555557,0,17.420758141498798,1.0,1,[],AG-3065,0,NONE
4,4,9.057965642777777,10.163753973333332,9.610993768703704,0,17.104526379900427,1.0,1,[],AG-3066,0,NONE
4,4,3.7757270783333334,9.216277940277777,6.7793376344444445,0,43.54024422583489,1.0,1,[],AG-3067,0,NONE
4,4,7.443525707222221,11.487492285277778,9.690786698055556,0,16.08852655097637,1.0,1,[],AG-3068,0,NONE
4,4,5.347272077222222,9.092350724444445,6.889567860833334,0,30.74391516770008,1.0,1,[],AG-3069,0,NONE
4,4,4.025723640277778,6.0396127913888895,5.035182911944445,0,40.83640453505843,1.0,1,[],AG-3070,0,NONE
4,4,9.92436511388889,10.06397223611111,9.973063795555555,0,16.5648963167088,1.0,1,[],AG-3071,0,NONE
4,4,3.453798378611111,8.438605360833334,5.276560648611111,0,41.753737100408955,1.0,1,[],AG-3072,0,NONE
4,4,3.9530267344444443,10.03940632,7.495861982962963,0,19.351750482117996,1.0,1,[],AG-3073,0,NONE
4,4,4.062534159722222,4.848476053888889,4.471475632777778,0,40.46638690466347,1.0,1,[],AG-3074,0,NONE
4,4,3.8936481505555554,9.592967046944445,7.013228249351852,0,30.756595445439224,1.0,1,[],AG-3075,0,NONE
4,4,4.8170129727777775,11.726730001944444,8.822238891296296,0,14.018919092830854,1.0,1,[],AG-3076,0,NONE
4,4,0.1,9.7936069125,4.553570555925925,0,1643.9607912073136,1.0,1,['Unrealistic transport speed (1644.0 km/h) between step 2 and 3'],AG-3077,1,impossible_speed
4,4,5.053638035277777,9.781564539444444,7.210234152962964,0,24.191903748504192,1.0,1,[],AG-3078,0,NONE
4,4,7.645397641944444,11.566564870277778,9.450583420833333,0,21.50261985312784,1.0,1,[],AG-3079,0,NONE
4,4,3.6262307,9.458631621666665,6.913666870462962,0,33.02474963148921,1.0,1,[],AG-3080,0,NONE
4,4,3.553214956388889,9.832731465555554,7.442510657499999,0,16.719268668794356,1.0,1,[],AG-3081,0,NONE
4,4,10.191636889722222,11.820423673333332,10.964793515833334,0,16.13048825223718,1.0,1,[],AG-3082,0,NONE
4,4,9.307113550555556,10.861917277777778,9.887663407685185,0,15.135088485443235,1.0,1,[],AG-3083,0,NONE
4,4,4.321756305555556,11.101876696666666,7.972414191388889,0,27.709882859331067,1.0,1,[],AG-3084,0,NONE
4,4,6.979294361666667,8.619237125555555,8.054072882314815,0,19.1968805088933,1.0,1,[],AG-3085,0,NONE
4,4,3.7585283094444444,10.928772141944444,7.5080672950925935,0,43.73948141022013,1.0,1,[],AG-3086,0,NONE
4,4,3.8353761108333337,7.9660726622222215,5.7855998361111105,0,42.86309200716487,1.0,1,[],AG-3087,0,NONE
4,4,5.328211621666667,11.012874045833334,8.06682648425926,0,22.475714081352557,1.0,1,[],AG-3088,0,NONE
4,4,7.5474712847222225,10.574250968888888,9.236532581018517,0,17.14624676777661,1.0,1,[],AG-3089,0,NONE
4,4,7.038631973333334,11.472087294722222,9.439919585185185,0,17.014010879845234,1.0,1,[],AG-3090,0,NONE
4,4,5.124875942222222,9.711822643055555,7.69034766462963,0,16.927417763161365,1.0,1,[],AG-3091,0,NONE
4,4,5.560819454444444,8.359940231666666,6.691264633796297,0,26.717888015727496,1.0,1,[],AG-3092,0,NONE
4,4,3.947042293611111,9.637610899166667,6.661214905185186,0,30.340531482868105,1.0,1,[],AG-3093,0,NONE
4,4,3.8818904855555556,10.455938665,7.91419764574074,0,17.480085927708167,1.0,1,[],AG-3094,0,NONE
4,4,-4.1050224125,8.294155121111112,3.7348698306481487,1,16439.607912073137,1.0,1,"['Unrealistic transport speed (16439.6 km/h) between step 2 and 3', 'Backward timestamp detected between step 2 and 3']",AG-3095,1,backward_time
4,4,8.728150343888888,11.96860598,9.965972359351852,0,13.735607922546999,1.0,1,[],AG-3096,0,NONE
4,4,4.144115800833333,9.400355108888888,5.9029792005555555,0,28.756469875283003,1.0,1,[],AG-3097,0,NONE
4,4,3.293466506388889,7.0988913644444445,4.934638384722223,0,49.91581933559207,1.0,1,[],AG-3098,0,NONE
4,4,3.9930254675,6.326273688333333,5.308538110555555,0,25.986242015406987,1.0,1,[],AG-3099,0,NONE
4,4,3.251800068611111,6.370137845833333,5.089256523055555,0,36.827405881896375,1.0,1,[],AG-3100,0,NONE
4,4,0.1,7.399142906111111,4.146458669166667,0,1643.9607912073136,1.0,1,['Unrealistic transport speed (1644.0 km/h) between step 2 and 3'],AG-3101,1,impossible_speed
2,2,8.15753182611111,8.15753182611111,8.15753182611111,0,18.107553532808044,1.0,1,[],AG-3102,1,skipped_role
4,4,4.1952864666666665,10.510139893611111,8.402859183148147,0,28.54521661989642,1.0,1,[],AG-3103,0,NONE
4,4,0.1,10.797109973055555,7.0318048546296295,0,1643.9607912073136,1.0,1,['Unrealistic transport speed (1644.0 km/h) between step 2 and 3'],AG-3104,1,impossible_speed
4,4,6.558574162777778,11.622715428611112,8.683413216203704,0,20.891742599109083,1.0,1,[],AG-3105,0,NONE
4,4,3.2232368077777775,8.670982905833334,5.46158424925926,0,51.00341331547163,1.0,1,[],AG-3106,0,NONE
4,4,3.7663682827777776,11.596514936944445,8.05270364212963,0,43.64843445407461,1.0,1,[],AG-3107,0,NONE
4,4,3.1679766333333332,9.755027162222222,6.81558433537037,0,37.80184478428861,1.0,1,[],AG-3108,0,NONE
4,4,4.852244982222222,10.467214959444446,6.9313742311111115,0,33.88041612141388,1.0,1,[],AG-3109,0,NONE
4,4,5.883880448333334,8.300037238055555,7.32860416287037,0,27.940078076755988,1.0,1,[],AG-3110,0,NONE
4,4,5.856441918333333,10.736835693888889,7.775901807870369,0,20.44848436021042,1.0,1,[],AG-3111,0,NONE
4,4,4.644020336111111,9.9147422225,6.708976026388889,0,35.3995174918627,1.0,1,[],AG-3112,0,NONE
4,4,3.2445407316666666,8.53027885888889,5.900811952037038,0,36.90980353697194,1.0,1,[],AG-3113,0,NONE
4,4,0.1,11.474197636944444,7.537098942129629,0,1643.9607912073136,1.0,1,['Unrealistic transport speed (1644.0 km/h) between step 2 and 3'],AG-3114,1,impossible_speed
4,4,5.128420058055555,8.373041572222222,7.026351030833333,0,32.055891923771604,1.0,1,[],AG-3115,0,NONE
4,4,6.663688172222222,7.357543589722222,7.068214520370371,0,24.670433980692735,1.0,1,[],AG-3116,0,NONE
4,4,5.216844863333334,11.671272190555555,8.654664638333335,0,22.95551508829064,1.0,1,[],AG-3117,0,NONE
4,4,7.013840301111111,10.616500673611112,8.378077445740741,0,15.959101110123497,1.0,1,[],AG-3118,0,NONE
4,4,4.5136949869444445,11.573513640555555,7.0978873314814805,0,31.57544445984578,1.0,1,[],AG-3119,0,NONE
4,4,8.586569261666666,11.650029983055555,10.183464234722223,0,14.111215109303416,1.0,1,[],AG-3120,0,NONE
4,4,5.258000616388889,11.296296412777778,7.338007828240741,0,30.110680536650293,1.0,1,[],AG-3121,0,NONE
4,4,4.452746746388889,10.566157747777778,6.8502353645370375,0,29.7183613991582,1.0,1,[],AG-3122,0,NONE
4,4,9.285863787777778,10.474482970277778,9.762003596574074,0,15.694911107996356,1.0,1,[],AG-3123,0,NONE
4,4,5.864735476388889,11.616754563333332,8.873466334444444,0,28.031286284365457,1.0,1,[],AG-3124,0,NONE
4,4,5.457118251944444,8.960493250555555,6.7707852550925915,0,20.3156160191227,1.0,1,[],AG-3125,0,NONE
4,4,3.018427621388889,9.226605543611111,7.021007597407407,0,39.67474990121381,1.0,1,[],AG-3126,0,NONE
4,4,7.400790436944444,9.268409485555555,8.223771937777778,0,17.73724816290606,1.0,1,[],AG-3127,0,NONE
4,4,7.8478439544444445,11.033149737777777,9.247463977499999,0,20.947929147804917,1.0,1,[],AG-3128,0,NONE
4,4,6.387388038888889,11.748351248333332,8.849179051666667,0,25.73760637678883,1.0,1,[],AG-3129,0,NONE
4,4,3.084269724722222,6.334325771111112,4.718504405,0,38.827784747102605,1.0,1,[],AG-3130,0,NONE
4,4,3.8096986736111114,8.52098437861111,6.183690740833334,0,43.15199001418785,1.0,1,[],AG-3131,0,NONE
4,4,3.3311643863888887,11.705668555833332,7.490791273518518,0,49.35093560451488,1.0,1,[],AG-3132,0,NONE
4,4,3.998518748888889,11.858371841944445,8.200938509907408,0,29.949931085554507,1.0,1,[],AG-3133,0,NONE
4,4,4.743932313888889,9.649333447777778,7.814281893703704,0,17.037039916844357,1.0,1,[],AG-3134,0,NONE
4,4,4.146878192777778,11.402070605277778,8.42090324824074,0,39.64333445024847,1.0,1,[],AG-3135,0,NONE
4,4,4.726663929444444,11.927562182499999,8.585344854907406,0,18.06191373655632,1.0,1,[],AG-3136,0,NONE
4,4,7.085335113333333,11.44101332,8.855797409537038,0,23.202301160232686,1.0,1,[],AG-3137,0,NONE
4,4,5.906993380833333,10.599073983333334,7.722650141296296,0,17.976202809316987,1.0,1,[],AG-3138,0,NONE
4,4,0.1,3.422681827222222,2.304621299814815,0,1643.9607912073136,1.0,1,['Unrealistic transport speed (1644.0 km/h) between step 2 and 3'],AG-3139,1,impossible_speed
4,4,6.012352338055556,10.920886130277777,7.819989476759258,0,27.343054744176623,1.0,1,[],AG-3140,0,NONE
4,4,3.6699633022222224,5.249857453888889,4.466718311111111,0,31.314389117166066,1.0,1,[],AG-3141,0,NONE
4,4,7.319697781666667,10.272531667500001,8.641668794814814,0,16.003462869902258,1.0,1,[],AG-3142,0,NONE
4,4,7.262188726388889,11.629223920833333,9.794690086759259,0,14.13646174842517,1.0,1,[],AG-3143,0,NONE
4,4,3.6561975255555557,8.399682347222223,6.334215070925926,0,19.571701919787145,1.0,1,[],AG-3144,0,NONE
4,4,0.1,5.819514908055556,3.1552324719444447,0,1643.9607912073136,1.0,1,['Unrealistic transport speed (1644.0 km/h) between step 2 and 3'],AG-3145,1,impossible_speed
4,4,5.713239666111112,11.272042089722222,7.987515795277777,0,23.561677000497312,1.0,1,[],AG-3146,0,NONE
4,4,5.654250932222222,8.033322464444444,6.706890917685185,0,29.074775967914242,1.0,1,[],AG-3147,0,NONE
4,4,0.1,8.616073408055556,5.297985082037037,0,1643.9607912073136,1.0,1,['Unrealistic transport speed (1644.0 km/h) between step 2 and 3'],AG-3148,1,impossible_speed
4,4,3.2337487122222224,9.081984900277778,7.058008816203704,0,37.032982965217585,1.0,1,[],AG-3149,0,NONE
4,4,3.1105972405555558,9.4196945475,6.955423424814815,0,17.452378980204013,1.0,1,[],AG-3150,0,NONE
4,4,5.306574919722222,9.521607328888889,7.205748426666666,0,24.214840598865326,1.0,1,[],AG-3151,0,NONE
4,4,3.544420645833333,6.922633153333333,5.424018507314815,0,28.319729600711547,1.0,1,[],AG-3152,0,NONE
4,4,4.310622150555555,7.870293356388888,6.46887644898148,0,38.13743663418607,1.0,1,[],AG-3153,0,NONE
4,4,4.301403459166667,8.919091255277777,6.959873340740741,0,27.840997039770986,1.0,1,[],AG-3154,0,NONE
4,4,4.7586641669444445,11.176501965555557,6.9128377546296305,0,34.22531718485151,1.0,1,[],AG-3155,0,NONE
4,4,8.39786073,11.8373093025,9.829401407870371,0,14.260222314203567,1.0,1,[],AG-3156,0,NONE
4,4,4.460519879722222,8.544928235555556,6.591235236851851,0,26.84784827838893,1.0,1,[],AG-3157,0,NONE
4,4,3.0332736502777777,5.072466091666667,4.370988513425925,0,32.831768676269995,1.0,1,[],AG-3158,0,NONE
4,4,5.983635986388889,11.573294060833334,9.07255417851852,0,27.474278096910776,1.0,1,[],AG-3159,0,NONE
4,4,3.2701582983333335,4.0367036333333335,3.656814114537037,0,50.271596700538126,1.0,1,[],AG-3160,0,NONE
4,4,3.2671701594444444,9.889794612222223,5.517369401481481,0,48.42095256818906,1.0,1,[],AG-3161,0,NONE
4,4,6.058357437222222,9.469530064999999,7.8394773662037025,0,27.13542091635114,1.0,1,[],AG-3162,0,NONE
4,4,3.188943844166667,11.195840551666667,7.827285268981481,0,51.55188901223542,1.0,1,[],AG-3163,0,NONE
4,4,5.161349395833333,10.2853899325,7.06413024361111,0,31.851375776545076,1.0,1,[],AG-3164,0,NONE
4,4,3.588397674722222,10.934974155555556,8.476287452777777,0,33.372934615668015,1.0,1,[],AG-3165,0,NONE
4,4,5.861564482777778,9.249185065555555,7.325537009907407,0,28.046450670934963,0.75,1,['Mismatched hash at step 3 (TRANSPORTER)'],AG-3166,1,broken_hash
4,4,4.70191947888889,10.106290104444444,7.5424748874074075,0,21.024626827900487,1.0,1,[],AG-3167,0,NONE
4,4,10.663523745277779,11.7154587675,11.078215313333333,0,15.416674923571332,1.0,1,[],AG-3168,0,NONE
4,4,3.5838573686111115,8.971519787222222,6.597127599444444,0,33.415214015598465,1.0,1,[],AG-3169,0,NONE
4,4,5.896408195833333,7.487289984999999,6.854034559629629,0,22.90147570588789,1.0,1,[],AG-3170,0,NONE
4,4,5.41501912638889,7.453128228055556,6.492220663055556,0,30.359279493507916,1.0,1,[],AG-3171,0,NONE
4,4,4.827004470555555,10.768514373333334,6.857085129259258,0,34.05757755633703,1.0,1,[],AG-3172,0,NONE
4,4,6.3669661975,11.419490162777777,8.642929947037038,0,18.808857666079962,1.0,1,[],AG-3173,0,NONE
4,4,6.164174564722222,8.255660022499999,7.140127475277777,0,26.669601484288854,1.0,1,[],AG-3174,0,NONE
4,4,6.680574978333333,10.240540187777778,8.04302468824074,0,24.608073355048976,1.0,1,[],AG-3175,0,NONE
4,4,5.104113596666667,8.808193673888889,6.714714562407408,0,19.21670483089727,1.0,1,[],AG-3176,0,NONE
4,4,-2.8012263875,4.769816905833333,1.8702428712962964,1,16439.607912073137,1.0,1,"['Unrealistic transport speed (16439.6 km/h) between step 2 and 3', 'Backward timestamp detected between step 2 and 3']",AG-3177,1,backward_time
4,4,5.470181008611111,9.35078373888889,7.990939571944445,0,30.053133317149925,1.0,1,[],AG-3178,0,NONE
4,4,5.695267368333333,10.400779702777777,8.714733786018519,0,15.806130292022766,1.0,1,[],AG-3179,0,NONE
4,4,3.1070164833333336,11.903471640000001,7.965769143611112,0,18.49886595331019,1.0,1,[],AG-3180,0,NONE
4,4,7.269944266388889,9.742233677777778,8.218202032870371,0,22.613114089578822,1.0,1,[],AG-3181,0,NONE
4,4,3.7728827061111114,10.61221501,6.817011288425927,0,43.573069169219465,1.0,1,[],AG-3182,0,NONE
4,4,6.372301505833334,8.026021355833333,7.1493567605555555,0,20.4828858324988,1.0,1,[],AG-3183,0,NONE
4,4,3.0871303863888886,10.508689933888888,7.963144261666666,0,15.970688588106633,1.0,1,[],AG-3184,0,NONE
4,4,6.630318454444444,10.007790641666666,8.158848384537036,0,16.42681037273911,1.0,1,[],AG-3185,0,NONE
4,4,4.383221155277778,11.57373791138889,9.085418927129629,0,37.5057687707097,1.0,1,[],AG-3186,0,NONE
4,4,8.470535443333334,11.82154903888889,10.364862427407408,0,15.218332470206015,1.0,1,[],AG-3187,0,NONE
4,4,3.977745205,8.125635107222223,5.5994761385185186,0,41.32896167257937,1.0,1,[],AG-3188,0,NONE
4,4,4.598724851666667,10.438273453611112,8.036989382037037,0,35.74818768753931,1.0,1,[],AG-3189,0,NONE
4,4,4.853030667500001,11.202107792222222,7.509395163148149,0,25.39701602133827,1.0,1,[],AG-3190,0,NONE
4,4,3.0994238000000003,6.317870390833333,5.119414274722222,0,53.04085201924673,1.0,1,[],AG-3191,0,NONE
4,4,4.162239021388889,9.688284789166666,6.872080879351852,0,24.298390653262977,1.0,1,[],AG-3192,0,NONE
4,4,5.787814586666666,10.361064928611112,8.377337774999999,0,15.866716428614106,1.0,1,[],AG-3193,0,NONE
4,4,5.478968797777777,9.163523361944444,7.388255783425926,0,21.857281067578192,1.0,1,[],AG-3194,0,NONE
4,4,5.221561109444445,8.443637395277777,6.541740556944444,0,31.484086018524547,0.75,1,['Mismatched hash at step 3 (TRANSPORTER)'],AG-3195,1,broken_hash
4,4,3.351763111666667,8.81669224,5.329459814166667,0,43.036478006259976,1.0,1,[],AG-3196,0,NONE
4,4,6.519813310555556,10.41086644888889,9.02060027537037,0,25.214844550008,1.0,1,[],AG-3197,0,NONE
4,4,6.461984971111112,8.5596286475,7.3034343816666665,0,23.864637605014728,1.0,1,[],AG-3198,0,NONE
4,4,3.3929801819444445,10.969876362777777,7.883553118796296,0,48.451824150213426,1.0,1,[],AG-3199,0,NONE
4,4,9.282395933055556,11.246667002222223,10.010249146018518,0,17.710522186981944,1.0,1,[],AG-3200,0,NONE
4,4,3.688802725,11.957847433611112,7.87402173675926,0,32.464560970394494,1.0,1,[],AG-3201,0,NONE
2,2,4.866348859444445,4.866348859444445,4.866348859444445,0,30.353957043218557,1.0,1,[],AG-3202,1,skipped_role
4,4,-4.983829748611111,10.701958304166666,5.155251275277778,1,16439.607912073137,1.0,1,"['Unrealistic transport speed (16439.6 km/h) between step 2 and 3', 'Backward timestamp detected between step 2 and 3']",AG-3203,1,backward_time
4,4,5.943993263055555,11.254232780833334,8.978770098148148,0,27.657514375482705,1.0,1,[],AG-3204,0,NONE
4,4,4.262301841666667,11.550165816666668,6.997703379907407,0,28.09640551563859,1.0,1,[],AG-3205,0,NONE
4,4,4.117362445555556,8.462897016944444,5.7251296325,0,35.77615852745427,1.0,1,[],AG-3206,0,NONE
4,4,3.1008955619444447,6.965921917777778,5.175362621018518,0,30.11319600923559,1.0,1,[],AG-3207,0,NONE
4,4,3.4298042025,8.713113705,6.373813733703703,0,47.931622161084974,1.0,1,[],AG-3208,0,NONE
4,4,3.92513958,9.213120414166667,6.711380051481481,0,17.84369157576034,1.0,1,[],AG-3209,0,NONE
4,4,4.8156424638888895,11.178807460833333,7.080582653148149,0,31.329663006159713,1.0,1,[],AG-3210,0,NONE
4,4,3.131039679166667,10.384738942499999,7.545138117592592,0,15.830545190494218,1.0,1,[],AG-3211,0,NONE
4,4,-5.2624973455555555,5.904116183888889,1.345910483240741,1,16439.607912073137,1.0,1,"['Unrealistic transport speed (16439.6 km/h) between step 2 and 3', 'Backward timestamp detected between step 2 and 3']",AG-3212,1,backward_time
4,4,5.091673239444444,6.850922659722222,6.166057063796296,0,23.996195444920843,1.0,1,[],AG-3213,0,NONE
2,2,5.846161992222222,5.846161992222222,5.846161992222222,0,25.266652623278436,1.0,1,[],AG-3214,1,skipped_role
4,4,6.320819649166666,10.335764024444444,8.502029544444444,0,18.94617591079479,1.0,1,[],AG-3215,0,NONE
4,4,7.496184221388889,11.914268627222222,9.607744275555556,0,13.79825184947671,0.75,1,['Mismatched hash at step 3 (TRANSPORTER)'],AG-3216,1,broken_hash
4,4,3.8527011080555558,8.677865313611111,6.14991834638889,0,27.77341452419621,1.0,1,[],AG-3217,0,NONE
4,4,5.861702775833333,10.955703289722221,8.51186237685185,0,20.430131917852957,1.0,1,[],AG-3218,0,NONE
4,4,6.441342596666667,8.476799899444444,7.727824908611112,0,19.889833167209098,1.0,1,[],AG-3219,0,NONE
4,4,5.093453140555555,11.895427779166667,8.51200633037037,0,32.275957898142224,1.0,1,[],AG-3220,0,NONE
4,4,3.5393071491666666,9.8152116925,7.310804966018519,0,33.83582038131853,1.0,1,[],AG-3221,0,NONE
4,4,3.34116044,11.310682256111113,6.497103555648149,0,49.20328792134609,1.0,1,[],AG-3222,0,NONE
4,4,4.208403106666667,10.082737936388888,6.716329664259259,0,28.06424484413717,1.0,1,[],AG-3223,0,NONE
4,4,0.1,6.084555738888889,3.7485486457407404,0,1643.9607912073136,1.0,1,['Unrealistic transport speed (1644.0 km/h) between step 2 and 3'],AG-3224,1,impossible_speed
4,4,5.001996490833333,10.21306626638889,8.16052173111111,0,23.94151239269834,1.0,1,[],AG-3225,0,NONE
4,4,3.5815519230555557,8.668042615555555,6.558125047685185,0,45.90079458640905,1.0,1,[],AG-3226,0,NONE
4,4,4.130048996388889,11.444470739722224,6.712534052685186,0,39.804873807664556,1.0,1,[],AG-3227,0,NONE
4,4,4.477429304166667,7.203668227777778,6.1724186262037035,0,26.746454904843787,1.0,1,[],AG-3228,0,NONE
4,4,5.7279063655555555,11.709532296111112,8.541745045185186,0,20.078183384869792,1.0,1,[],AG-3229,0,NONE
4,4,6.236237418611111,7.2364213613888895,6.624038726296296,0,25.689065318143186,1.0,1,[],AG-3230,0,NONE
4,4,4.402906211944445,11.583817706666666,7.774910143796297,0,16.31987662657264,1.0,1,[],AG-3231,0,NONE
4,4,4.375188380277778,11.29379249138889,8.008543708703703,0,27.371475366259926,1.0,1,[],AG-3232,0,NONE
4,4,6.376321964444444,8.45422821,7.304326042407407,0,25.782273862178613,1.0,1,[],AG-3233,0,NONE
4,4,3.115508450277778,7.506298278055556,5.1094796865740735,0,52.76701435557777,0.75,1,['Mismatched hash at step 3 (TRANSPORTER)'],AG-3234,1,broken_hash
4,4,6.3583040791666665,11.734433730555557,9.851767559074075,0,18.83448156653987,1.0,1,[],AG-3235,0,NONE
4,4,4.120297576944444,11.932252223055556,9.005848676203705,0,29.064735917042377,1.0,1,[],AG-3236,0,NONE
4,4,9.764196645555556,11.613871889444443,10.439833981296296,0,16.53645629952524,1.0,1,[],AG-3237,0,NONE
4,4,8.8581570125,11.338668806944444,9.82164150925926,0,18.55872264272888,1.0,1,[],AG-3238,0,NONE
4,4,8.678574423055556,10.318137692222223,9.361514168055557,0,18.942751551913375,1.0,1,[],AG-3239,0,NONE
4,4,5.288592310555555,9.129598359166666,7.172475867129628,0,22.64409013614056,1.0,1,[],AG-3240,0,NONE
4,4,8.799576516388889,11.251945677777776,9.996757287962962,0,18.682271676886916,1.0,1,[],AG-3241,0,NONE
4,4,4.699409268055556,10.46774608527778,7.324553030833333,0,24.152793478206288,1.0,1,[],AG-3242,0,NONE
4,4,5.771809798611112,8.926374539444444,7.0477606103703705,0,25.50715164477564,1.0,1,[],AG-3243,0,NONE
4,4,4.284421335277778,9.990220033888889,6.7913922267592595,0,27.951350159578922,1.0,1,[],AG-3244,0,NONE
4,4,3.0142071983333336,11.883229438333332,8.414980346481482,0,39.73030156644076,1.0,1,[],AG-3245,0,NONE
4,4,0.1,9.597380123055554,5.356414207222222,0,1643.9607912073136,1.0,1,['Unrealistic transport speed (1644.0 km/h) between step 2 and 3'],AG-3246,1,impossible_speed
4,4,7.055947058611111,11.536349803055556,9.640543652037037,0,23.298938860390344,1.0,1,[],AG-3247,0,NONE
4,4,5.334167248333333,11.1204596,8.762369670925926,0,30.819445935463893,1.0,1,[],AG-3248,0,NONE
4,4,3.718288217777778,8.727902758888888,5.405851516944444,0,44.21283921314258,1.0,1,[],AG-3249,0,NONE
4,4,-2.4032365683333334,7.301074068055555,2.8157819005555553,1,16439.607912073137,1.0,1,"['Unrealistic transport speed (16439.6 km/h) between step 2 and 3', 'Backward timestamp detected between step 2 and 3']",AG-3250,1,backward_time
4,4,3.871576658611111,11.888569506944444,7.820385688055556,0,42.46230763766067,1.0,1,[],AG-3251,0,NONE
2,2,8.439343958055556,8.439343958055556,8.439343958055556,0,17.50289417886526,1.0,1,[],AG-3252,1,skipped_role
4,4,8.985704568055557,11.468919420555556,10.268749572314816,0,14.334051281770014,1.0,1,[],AG-3253,0,NONE
4,4,3.0277619669444444,10.83487359638889,8.03968913675926,0,54.296236268083035,1.0,1,[],AG-3254,0,NONE
4,4,5.515207771666667,10.821047535277778,8.543212299722223,0,29.807776230169427,1.0,1,[],AG-3255,0,NONE
4,4,6.718139335,8.929884946666666,7.641606376574074,0,22.591825460719143,1.0,1,[],AG-3256,0,NONE
4,4,3.411788550833333,10.268020306666667,6.640553122222222,0,48.18472090850339,1.0,1,[],AG-3257,0,NONE
4,4,3.732323081388889,8.513331108888888,6.282380302592592,0,32.086011409536376,1.0,1,[],AG-3258,0,NONE
4,4,5.644766758888888,11.146824858333334,8.800030434722222,0,21.215289504201305,1.0,1,[],AG-3259,0,NONE
4,4,3.2857117291666667,10.063757491944445,7.599819961666667,0,36.44731213346358,1.0,1,[],AG-3260,0,NONE
4,4,7.201227408055555,11.966742656666668,10.350982180092592,0,16.629854077314256,1.0,1,[],AG-3261,0,NONE
4,4,4.904767390555556,9.779272686666667,6.617384866388889,0,33.517609711173364,1.0,1,[],AG-3262,0,NONE
4,4,4.4421175,11.360706231944445,8.414903378888889,0,37.00849406183681,1.0,1,[],AG-3263,0,NONE
4,4,8.993394131111112,11.563534916111111,9.864113498425926,0,14.216766785706978,1.0,1,[],AG-3264,0,NONE
4,4,3.813975789722222,10.847465463055556,7.962500729074075,0,17.818663922647353,1.0,1,[],AG-3265,0,NONE
4,4,6.393092901944445,9.624022390833332,8.491366633240741,0,17.383562092298657,1.0,1,[],AG-3266,0,NONE
4,4,5.0119575211111105,10.705269105277779,8.664417987962963,0,23.89392976079555,1.0,1,[],AG-3267,0,NONE
4,4,-5.768030706666666,8.329804386388888,3.5724415884259257,1,16439.607912073137,1.0,1,"['Unrealistic transport speed (16439.6 km/h) between step 2 and 3', 'Backward timestamp detected between step 2 and 3']",AG-3268,1,backward_time
2,2,5.797190223333334,5.797190223333334,5.797190223333334,0,25.480092690827497,1.0,1,[],AG-3269,1,skipped_role
4,4,5.876786902222222,9.113719533333333,7.091907005833332,0,26.156001036622122,1.0,1,[],AG-3270,0,NONE
4,4,4.999274015,7.844636489999999,6.467240653148148,0,25.06874134194797,1.0,1,[],AG-3271,0,NONE
4,4,7.102060775,8.4131887225,7.671247827592592,0,23.147658733000828,1.0,1,[],AG-3272,0,NONE
4,4,-5.987394417777778,11.913016007777777,5.094774000277777,1,16439.607912073137,1.0,1,"['Unrealistic transport speed (16439.6 km/h) between step 2 and 3', 'Backward timestamp detected between step 2 and 3']",AG-3273,1,backward_time
4,4,3.5293132947222223,11.698461326944445,8.506555408796297,0,46.58018866349192,1.0,1,[],AG-3274,0,NONE
4,4,5.025645601111112,11.30842069388889,8.651865488796297,0,17.086271746004456,1.0,1,[],AG-3275,0,NONE
4,4,8.933252798055555,11.859505879444445,10.4764742975,0,18.402712073312692,1.0,1,[],AG-3276,0,NONE
4,4,9.101088175555555,11.912828699722223,10.277781513611112,0,13.799919671854651,1.0,1,[],AG-3277,0,NONE
4,4,4.75582959,10.70626997888889,8.243162136666667,0,34.56727706695045,1.0,1,[],AG-3278,0,NONE
4,4,8.223453117777778,10.648287485555556,9.705795560462963,0,16.04545754052934,1.0,1,[],AG-3279,0,NONE
4,4,4.238048635277778,9.263599733611112,6.37379416425926,0,21.30979123450923,1.0,1,[],AG-3280,0,NONE
4,4,3.9175305747222224,10.7052716625,6.960944741481481,0,30.569094149829645,0.75,1,['Mismatched hash at step 3 (TRANSPORTER)'],AG-3281,1,broken_hash
4,4,6.843999580277778,11.333868030555555,9.58426947675926,0,15.545815520636449,1.0,1,[],AG-3282,0,NONE
4,4,0.1,7.6389166105555555,4.881103188703704,0,1643.9607912073136,1.0,1,['Unrealistic transport speed (1644.0 km/h) between step 2 and 3'],AG-3283,1,impossible_speed
4,4,0.1,8.365399312777779,5.011734162222222,0,1643.9607912073136,1.0,1,['Unrealistic transport speed (1644.0 km/h) between step 2 and 3'],AG-3284,1,impossible_speed
4,4,8.926669663333334,10.1579268875,9.694724616944443,0,18.41628348767011,1.0,1,[],AG-3285,0,NONE
4,4,4.080003470555556,8.878759265,6.421556746388888,0,29.35177919277929,1.0,1,[],AG-3286,0,NONE
4,4,0.1,11.886144020833335,5.670186460462964,0,1643.9607912073136,1.0,1,['Unrealistic transport speed (1644.0 km/h) between step 2 and 3'],AG-3287,1,impossible_speed
4,4,6.455638903055555,11.999587720555555,8.930379226203703,0,25.465501027779005,1.0,1,[],AG-3288,0,NONE
4,4,5.927060772222222,10.759894394444444,8.703622827685185,0,17.444566137385234,1.0,1,[],AG-3289,0,NONE
4,4,7.827751107777777,10.309766328055556,8.714019636666666,0,21.001699831434962,1.0,1,[],AG-3290,0,NONE
4,4,8.865305953611111,10.369448446666667,9.6721094475,0,18.543756975896336,1.0,1,[],AG-3291,0,NONE
4,4,4.619438007777777,8.391923459166666,7.00128579462963,0,35.58789593970882,1.0,1,[],AG-3292,0,NONE
4,4,4.4508923575,8.062465886111111,5.789809115185186,0,36.935532454231314,1.0,1,[],AG-3293,0,NONE
4,4,6.272036766111111,7.8998443525,7.242405305092593,0,26.21095590653925,1.0,1,[],AG-3294,0,NONE
4,4,3.4154963680555555,11.512151343055555,8.68974111037037,0,14.28022219495052,1.0,1,[],AG-3295,0,NONE
4,4,5.816424442222223,11.197048409722223,8.1424860925,0,28.26411324582121,1.0,1,[],AG-3296,0,NONE
4,4,3.4026199738888887,9.191372781111111,7.185848574814815,0,35.195044375364155,1.0,1,[],AG-3297,0,NONE
4,4,4.9443597072222225,8.419299483055555,6.531748550092593,0,33.24921503599306,0.75,1,['Mismatched hash at step 3 (TRANSPORTER)'],AG-3298,1,broken_hash
4,4,0.1,6.600534380277778,4.378858399259259,0,1643.9607912073136,1.0,1,['Unrealistic transport speed (1644.0 km/h) between step 2 and 3'],AG-3299,1,impossible_speed
2,2,4.289195551111111,4.289195551111111,4.289195551111111,0,34.43837952285189,1.0,1,[],AG-3300,1,skipped_role
4,4,8.698078574722222,9.430004711111112,8.97940810611111,0,18.65986917965168,1.0,1,[],AG-3301,0,NONE
4,4,4.38142269,11.932040923055556,7.696880622037038,0,37.521163957986296,1.0,1,[],AG-3302,0,NONE
4,4,5.431127102222222,9.155813224166666,7.456723938518518,0,21.1218282983811,1.0,1,[],AG-3303,0,NONE
4,4,4.316966696111111,11.183208502777777,8.500937919444445,0,27.740626556466157,1.0,1,[],AG-3304,0,NONE
4,4,5.000030148055555,11.815366921666666,9.460480938518517,0,32.879017576456576,1.0,1,[],AG-3305,0,NONE
4,4,8.299443448888889,10.879607318055557,9.813411413518518,0,19.808084738831536,1.0,1,[],AG-3306,0,NONE
2,2,7.963880087777778,7.963880087777778,7.963880087777778,0,18.547861420413447,1.0,1,[],AG-3307,1,skipped_role
4,4,4.6260523580555555,10.254764964166668,8.215891185555556,0,35.53701220749502,1.0,1,[],AG-3308,0,NONE
4,4,4.148149828055556,10.646670145,7.362192263888889,0,28.869584257436323,1.0,1,[],AG-3309,0,NONE
4,4,5.406329136111111,11.265974793888889,8.26011696861111,0,30.40807819536215,0.75,1,['Mismatched hash at step 3 (TRANSPORTER)'],AG-3310,1,broken_hash
4,4,6.7641937386111115,9.103937025833334,7.662736695185185,0,24.30386908972343,1.0,1,[],AG-3311,0,NONE
4,4,5.581376951111111,11.573546900277776,8.280091940925926,0,15.582287111813018,1.0,1,[],AG-3312,0,NONE
4,4,3.782480564166667,9.935205614722221,6.489546567222223,0,28.585882057576804,1.0,1,[],AG-3313,0,NONE
4,4,3.8427024744444442,8.177850280000001,5.72696113962963,0,42.78137071866299,1.0,1,[],AG-3314,0,NONE
2,2,3.0962521408333337,3.0962521408333337,3.0962521408333337,0,47.70701400214016,1.0,1,[],AG-3315,1,skipped_role
4,4,4.227855438888889,9.166096776666667,6.958066351574074,0,21.97736019351012,1.0,1,[],AG-3316,0,NONE
4,4,3.1251023602777774,10.482576777777778,6.106445057870371,0,34.89135834198204,1.0,1,[],AG-3317,0,NONE
4,4,0.1,11.557815509166666,5.618617244166667,0,1643.9607912073136,1.0,1,['Unrealistic transport speed (1644.0 km/h) between step 2 and 3'],AG-3318,1,impossible_speed
4,4,8.466361917777778,11.68182645388889,9.739629295833334,0,14.07280614633714,1.0,1,[],AG-3319,0,NONE
4,4,4.1998692052777775,6.303458433888888,5.560983813611112,0,39.14314258028383,1.0,1,[],AG-3320,0,NONE
4,4,0.1,5.247887011388889,3.122329531388889,0,1643.9607912073136,1.0,1,['Unrealistic transport speed (1644.0 km/h) between step 2 and 3'],AG-3321,1,impossible_speed
4,4,4.9175935016666665,9.642231499166666,6.733910118703704,0,33.430188783398705,1.0,1,[],AG-3322,0,NONE
4,4,7.639761115833334,11.632214470000001,10.104245435462964,0,21.51848423375726,1.0,1,[],AG-3323,0,NONE
4,4,3.0530199375,7.143184884999999,5.29378689,0,23.014395086699675,1.0,1,[],AG-3324,0,NONE
2,2,3.9120400091666667,3.9120400091666667,3.9120400091666667,0,37.758546408209604,1.0,1,[],AG-3325,1,skipped_role
4,4,4.114583836666667,7.3867093925,5.2948964088888895,0,39.95448522782148,1.0,1,[],AG-3326,0,NONE
4,4,5.693564573611111,6.8550732286111105,6.368955745462962,0,28.87401679480103,1.0,1,[],AG-3327,0,NONE
4,4,4.258869612222222,8.906516801944445,6.706532240462963,0,28.119048451223442,1.0,1,[],AG-3328,0,NONE
4,4,3.9959907883333337,9.382974913611111,6.3143545262037035,0,41.14025477753878,1.0,1,[],AG-3329,0,NONE
4,4,0.1,8.987186058333334,4.626037791851852,0,1643.9607912073136,1.0,1,['Unrealistic transport speed (1644.0 km/h) between step 2 and 3'],AG-3330,1,impossible_speed
4,4,5.923989286666667,10.198380769444444,8.51708622787037,0,20.215323691259453,1.0,1,[],AG-3331,0,NONE
4,4,4.1827590316666665,10.430753860555557,8.09685056675926,0,28.630710032990358,1.0,1,[],AG-3332,0,NONE
4,4,5.128544416111112,9.906464563055556,7.511672453981482,0,23.350750477526002,1.0,1,[],AG-3333,0,NONE
4,4,5.605199661388888,9.636884004444445,7.383680100092593,0,23.79463178291473,1.0,1,[],AG-3334,0,NONE
4,4,4.681742118611111,9.56323715,6.591742929629629,0,35.11429612220957,1.0,1,[],AG-3335,0,NONE
2,2,6.8624303475,6.8624303475,6.8624303475,0,21.52487336949139,1.0,1,[],AG-3336,1,skipped_role
4,4,4.698020964444444,10.69384726388889,7.963924074907408,0,34.992623567436915,1.0,1,[],AG-3337,0,NONE
4,4,4.729596528055556,6.611548441111111,5.601966573796297,0,30.08297473072883,1.0,1,[],AG-3338,0,NONE
4,4,-3.225783786111111,8.69978977611111,2.977534759722222,1,16439.607912073137,1.0,1,"['Unrealistic transport speed (16439.6 km/h) between step 2 and 3', 'Backward timestamp detected between step 2 and 3']",AG-3339,1,backward_time
4,4,5.738609909999999,8.794858399444443,7.37408051462963,0,20.868357119872584,1.0,1,[],AG-3340,0,NONE
4,4,4.635764616388888,11.05595610611111,6.971479484629628,0,25.83292528489193,1.0,1,[],AG-3341,0,NONE
2,2,11.176337774444445,11.176337774444445,11.176337774444445,0,13.216578383542531,1.0,1,[],AG-3342,1,skipped_role
4,4,3.122954250555556,5.739210255555556,4.2447164982407415,0,42.45782966728406,0.75,1,['Mismatched hash at step 3 (TRANSPORTER)'],AG-3343,1,broken_hash
4,4,8.300199678333334,10.290317216944445,9.425635025,0,16.97186568104746,1.0,1,[],AG-3344,0,NONE
4,4,3.7850805594444443,8.258944946944444,5.333771722037036,0,43.43264998958453,1.0,1,[],AG-3345,0,NONE
4,4,10.356682365555555,11.714971633333333,11.00934212111111,0,15.00460861062267,1.0,1,[],AG-3346,0,NONE
4,4,6.086081718888888,9.528155932222223,7.844482952222222,0,27.01180935683271,1.0,1,[],AG-3347,0,NONE
4,4,3.3942999552777775,7.954461138055556,5.358040547222223,0,34.79016626122105,1.0,1,[],AG-3348,0,NONE
4,4,7.036339980833333,11.19764261638889,9.229971822685185,0,17.385495578951108,1.0,1,[],AG-3349,0,NONE
4,4,0.1,11.707382471666666,5.436599541111111,0,1643.9607912073136,1.0,1,['Unrealistic transport speed (1644.0 km/h) between step 2 and 3'],AG-3350,1,impossible_speed
4,4,6.577444452500001,9.666436771666667,8.496037077222223,0,18.206974127771222,1.0,1,[],AG-3351,0,NONE
4,4,6.457353778611111,10.014349561388888,8.74275115425926,0,25.458738170001695,1.0,1,[],AG-3352,0,NONE
4,4,4.440027498888889,9.270495728333334,6.2235975751851855,0,33.142570010756266,1.0,1,[],AG-3353,0,NONE
4,4,5.329511558611111,10.672275706944443,8.495666586944445,0,30.846368811248727,1.0,1,[],AG-3354,0,NONE
4,4,5.015365052222222,7.802092121111111,6.148015610648149,0,21.283827014156337,1.0,1,[],AG-3355,0,NONE
4,4,5.241072668888889,10.115591864722221,8.04612755074074,0,22.849399071375224,1.0,1,[],AG-3356,0,NONE
4,4,6.127157089722222,8.446435822222222,6.965194790000001,0,19.463366866319177,1.0,1,[],AG-3357,0,NONE
2,2,5.654058046111111,5.654058046111111,5.654058046111111,0,26.125119875359253,1.0,1,[],AG-3358,1,skipped_role
4,4,4.590617152222222,11.68704718,7.083726888888889,0,26.086985039810774,1.0,1,[],AG-3359,0,NONE
4,4,3.9579845927777777,10.024618679722222,7.995425736481482,0,30.256651628215057,1.0,1,[],AG-3360,0,NONE
4,4,4.8554310825,8.63606677,7.3101910204629625,0,24.664207758018335,1.0,1,[],AG-3361,0,NONE
4,4,6.5591706738888895,10.723992018333334,8.650456213611111,0,18.257698560924574,1.0,1,[],AG-3362,0,NONE
4,4,7.134511013888889,7.4636505813888885,7.303074526666666,0,22.026229299997507,1.0,1,[],AG-3363,0,NONE
4,4,4.623659780833334,11.490195531944444,7.217417845092593,0,35.555401329961576,1.0,1,[],AG-3364,0,NONE
4,4,4.291701239722222,6.837555275833334,5.273296223240741,0,38.305573929319415,1.0,1,[],AG-3365,0,NONE
4,4,7.741006949722222,10.27193454,9.184607704722222,0,17.230701060113404,1.0,1,[],AG-3366,0,NONE
4,4,8.80033901638889,10.439060234444444,9.703470351851852,0,16.65443040419478,1.0,1,[],AG-3367,0,NONE
4,4,3.121472136111111,11.697246864999999,7.821726129907407,0,52.666201059076045,0.75,1,['Mismatched hash at step 3 (TRANSPORTER)'],AG-3368,1,broken_hash
4,4,4.820894779722222,9.367101794166667,6.744501942592592,0,24.840899137072665,1.0,1,[],AG-3369,0,NONE
4,4,5.194279726666667,7.310175451666666,6.090306703981482,0,23.05523908516391,1.0,1,[],AG-3370,0,NONE
4,4,3.190871145,7.901778904166666,4.831127559166666,0,48.34137143010279,1.0,1,[],AG-3371,0,NONE
4,4,0.1,4.326388591388889,2.5474654734259254,0,1643.9607912073136,1.0,1,['Unrealistic transport speed (1644.0 km/h) between step 2 and 3'],AG-3372,1,impossible_speed
4,4,4.011678043333333,10.958015221666667,8.45825236537037,0,29.85168791711267,1.0,1,[],AG-3373,0,NONE
4,4,6.215771136388889,11.602641616388889,8.786561221481483,0,26.4482194587748,1.0,1,[],AG-3374,0,NONE
4,4,-2.725461950277778,6.857655635277778,3.6531315406481486,1,16439.607912073137,1.0,1,"['Unrealistic transport speed (16439.6 km/h) between step 2 and 3', 'Backward timestamp detected between step 2 and 3']",AG-3375,1,backward_time
4,4,5.439839506388889,10.87861951388889,7.300503001388889,0,22.014502603040334,1.0,1,[],AG-3376,0,NONE
4,4,3.019608883333333,9.40176014,5.369564818981481,0,44.58409817105111,1.0,1,[],AG-3377,0,NONE
4,4,5.882304029999999,9.492091172777778,7.296597124444443,0,25.231939059004855,1.0,1,[],AG-3378,0,NONE
4,4,4.302010378333334,9.540369559166667,6.896486125833334,0,27.83706928664244,1.0,1,[],AG-3379,0,NONE
4,4,6.173478818611111,7.4478582875,6.984311352037037,0,22.07293328830424,1.0,1,[],AG-3380,0,NONE
4,4,4.243991495833333,11.496272406666668,9.011569344351853,0,14.299946391788557,1.0,1,[],AG-3381,0,NONE
4,4,5.0710306350000005,7.825913059722223,6.776785449814814,0,23.615586178275937,1.0,1,[],AG-3382,0,NONE
4,4,0.1,10.30162878888889,4.728960254907407,0,1643.9607912073136,1.0,1,['Unrealistic transport speed (1644.0 km/h) between step 2 and 3'],AG-3383,1,impossible_speed
4,4,3.9914068172222223,7.26533715138889,5.153026028055556,0,39.12018287936582,1.0,1,[],AG-3384,0,NONE
4,4,4.297262180833333,10.679809853055556,6.876449208981481,0,38.25600398643849,1.0,1,[],AG-3385,0,NONE
4,4,4.055122283611111,9.72295824611111,6.266455095,0,29.53187415765844,1.0,1,[],AG-3386,0,NONE
4,4,3.486750105833333,9.265102808888887,6.524743863333334,0,34.34583991929021,1.0,1,[],AG-3387,0,NONE
4,4,-2.31597317,3.6935876691666665,1.549762024166667,1,16439.607912073137,1.0,1,"['Unrealistic transport speed (16439.6 km/h) between step 2 and 3', 'Backward timestamp detected between step 2 and 3']",AG-3388,1,backward_time
4,4,4.261011583611111,7.747050339722223,6.411981519907407,0,38.58146731002533,1.0,1,[],AG-3389,0,NONE
4,4,3.1188847763888887,8.80362437111111,6.306090625277778,0,38.39685322141819,1.0,1,[],AG-3390,0,NONE
4,4,-3.585562760555556,6.812586889444445,2.596415319351852,1,16439.607912073137,1.0,1,"['Unrealistic transport speed (16439.6 km/h) between step 2 and 3', 'Backward timestamp detected between step 2 and 3']",AG-3391,1,backward_time
4,4,5.3224892413888885,8.148586202499999,6.408460359259259,0,20.811435574127906,1.0,1,[],AG-3392,0,NONE
4,4,4.1262002041666666,11.801336553333332,7.873682053425926,0,29.023158123202563,1.0,1,[],AG-3393,0,NONE
4,4,4.653243954444444,9.713961636944445,7.466951394166666,0,16.92369038142945,1.0,1,[],AG-3394,0,NONE
4,4,6.424230549444444,8.874299569166666,7.314809664351852,0,24.73647014896444,1.0,1,[],AG-3395,0,NONE
2,2,3.975607938611111,3.975607938611111,3.975607938611111,0,37.15480664033893,1.0,1,[],AG-3396,1,skipped_role
2,2,7.874111234722222,7.874111234722222,7.874111234722222,0,18.759316427424487,1.0,1,[],AG-3397,1,skipped_role
4,4,-3.07667205,11.789968320277778,5.819598973148149,1,16439.607912073137,1.0,1,"['Unrealistic transport speed (16439.6 km/h) between step 2 and 3', 'Backward timestamp detected between step 2 and 3']",AG-3398,1,backward_time
4,4,3.4324401083333336,5.777443730000001,4.3495940850000006,0,42.82376381906903,1.0,1,[],AG-3399,0,NONE
4,4,5.830251982499999,6.515771765555555,6.182853127685185,0,25.23048458968152,1.0,1,[],AG-3400,0,NONE
4,4,-5.100240741666666,7.532205625555556,1.8817108933333335,1,16439.607912073137,1.0,1,"['Unrealistic transport speed (16439.6 km/h) between step 2 and 3', 'Backward timestamp detected between step 2 and 3']",AG-3401,1,backward_time
4,4,3.3366745830555558,9.141365834722222,5.6430158146296305,0,36.93458090637207,1.0,1,[],AG-3402,0,NONE
4,4,-2.6441881058333334,11.673006233055556,5.972266492314816,1,16439.607912073137,1.0,1,"['Unrealistic transport speed (16439.6 km/h) between step 2 and 3', 'Backward timestamp detected between step 2 and 3']",AG-3403,1,backward_time
4,4,4.180778168611111,9.917725928611112,7.041941988425926,0,28.644275334346087,1.0,1,[],AG-3404,0,NONE
4,4,5.1519956505555555,9.414862326944444,7.904239752222222,0,23.24446080629091,1.0,1,[],AG-3405,0,NONE
4,4,3.8766543883333338,11.949640754444445,7.976134298703705,0,30.89142053362295,1.0,1,[],AG-3406,0,NONE
2,2,3.7845091558333332,3.7845091558333332,3.7845091558333332,0,39.030938532467765,1.0,1,[],AG-3407,1,skipped_role
2,2,5.521055900833334,5.521055900833334,5.521055900833334,0,26.754473580786765,1.0,1,[],AG-3408,1,skipped_role
4,4,5.321496895555556,9.94746459388889,7.509436691388889,0,30.892826275635493,1.0,1,[],AG-3409,0,NONE
4,4,7.3943309586111114,11.74512580861111,10.199307331388889,0,16.195564094146754,1.0,1,[],AG-3410,0,NONE
4,4,6.967449101111111,9.125263036388889,8.22328788962963,0,18.015489357968942,1.0,1,[],AG-3411,0,NONE
4,4,5.365446894722223,9.139808071666666,7.352912278703703,0,22.31973651464493,1.0,1,[],AG-3412,0,NONE
4,4,5.203351067777778,9.6693830425,7.889178392685185,0,23.015045383948003,1.0,1,[],AG-3413,0,NONE
4,4,4.423852236111111,6.593523783055556,5.544440473611111,0,37.16129525728633,1.0,1,[],AG-3414,0,NONE
4,4,0.1,11.101138639166667,6.13134566787037,0,1643.9607912073136,1.0,1,['Unrealistic transport speed (1644.0 km/h) between step 2 and 3'],AG-3415,1,impossible_speed
4,4,9.913949853888889,11.302416738611111,10.82450325314815,0,14.54521479102115,1.0,1,[],AG-3416,0,NONE
4,4,7.3766551458333325,11.96794408888889,9.555072260462964,0,22.285992210655216,1.0,1,[],AG-3417,0,NONE
4,4,4.4016700575,8.7619474375,6.7977751337962955,0,22.73896556394134,1.0,1,[],AG-3418,0,NONE
4,4,3.5616023274999997,10.276802236111111,7.981478908518518,0,15.996812563257148,1.0,1,[],AG-3419,0,NONE
4,4,3.2064846275,9.82754753638889,6.6134384327777775,0,17.59482504738539,1.0,1,[],AG-3420,0,NONE
4,4,3.7353820033333336,10.863983008333333,6.688170956481481,0,44.010513241759384,1.0,1,[],AG-3421,0,NONE
4,4,3.483680545,11.037660504444444,6.392681885833333,0,35.30309370200234,1.0,1,[],AG-3422,0,NONE
4,4,4.787447781388889,11.477474799444444,7.312355807407407,0,34.338981149793,1.0,1,[],AG-3423,0,NONE
4,4,6.9310558825,11.690308505833332,9.944914916388889,0,23.718764053801635,1.0,1,[],AG-3424,0,NONE
4,4,3.70027842,9.011662395277778,7.028699520925926,0,44.42802958614432,1.0,1,[],AG-3425,0,NONE
4,4,9.630473573611111,11.450721529166666,10.255574076481482,0,16.97337449689321,1.0,1,[],AG-3426,0,NONE
4,4,5.847670540277778,10.12815137,7.823610975092592,0,28.1130884492207,1.0,1,[],AG-3427,0,NONE
4,4,10.71540361,11.894147456111112,11.36648825722222,0,14.307860209710999,1.0,1,[],AG-3428,0,NONE
4,4,4.9676049480555555,11.8112879,7.853492609351851,0,17.65890441935004,1.0,1,[],AG-3429,0,NONE
4,4,6.132769986111111,11.745700546388889,9.81662082101852,0,14.207113552745986,1.0,1,[],AG-3430,0,NONE
4,4,3.145721418611111,11.0698942225,7.244794147314814,0,15.927526966290126,1.0,1,[],AG-3431,0,NONE
4,4,6.1699009869444446,7.103977365277777,6.655786549907408,0,24.56062425723561,1.0,1,[],AG-3432,0,NONE
4,4,6.358093377777777,11.33713973,8.274881730462964,0,23.058854950836743,1.0,1,[],AG-3433,0,NONE
4,4,5.565251414444445,9.122536524722221,7.874746128240741,0,18.396127200872236,1.0,1,[],AG-3434,0,NONE
4,4,3.788581641388889,11.152944905277778,6.27818404861111,0,42.228358106846684,1.0,1,[],AG-3435,0,NONE
4,4,3.933077718888889,11.392470767222223,8.358347199629629,0,41.79832967225828,1.0,1,[],AG-3436,0,NONE
4,4,7.530253680277778,10.252835804999998,8.930826900277777,0,16.034205779493746,1.0,1,[],AG-3437,0,NONE
4,4,4.030509946944444,10.707083688888888,7.567294948796295,0,40.78791053359417,1.0,1,[],AG-3438,0,NONE
4,4,6.716412679722223,10.383761776944445,8.811563022500001,0,15.832034926470264,1.0,1,[],AG-3439,0,NONE
4,4,5.408482267777778,8.928136575,7.301555389722222,0,30.39597265579609,1.0,1,[],AG-3440,0,NONE
4,4,3.1397705841666665,11.101685279444444,6.9908219345370375,0,38.14143669522415,1.0,1,[],AG-3441,0,NONE
4,4,6.015809443055555,11.632445336388889,8.682588615833334,0,27.327341511873286,1.0,1,[],AG-3442,0,NONE
4,4,4.733943630277778,10.456949095833334,7.9969339830555555,0,18.681565338198887,1.0,1,[],AG-3443,0,NONE
4,4,4.563455437222222,11.796200711666668,8.362039190185186,0,26.242254936188225,1.0,1,[],AG-3444,0,NONE
4,4,3.8962013155555555,10.21054776861111,7.215020834444444,0,16.100613096009575,1.0,1,[],AG-3445,0,NONE
4,4,5.3420711050000005,11.538302733888887,8.28550780537037,0,20.61095739606027,1.0,1,[],AG-3446,0,NONE
4,4,3.2503650080555553,8.660047135833333,6.750001956666666,0,36.84366545810199,1.0,1,[],AG-3447,0,NONE
4,4,4.174932136111111,9.681056615833333,6.979781702592592,0,39.37694644154478,1.0,1,[],AG-3448,0,NONE
4,4,5.672302557222222,11.081183165277778,8.19074690175926,0,28.982247942930183,1.0,1,[],AG-3449,0,NONE
4,4,3.4657397975,4.293925766944445,3.8354452960185186,0,43.87791423353292,1.0,1,[],AG-3450,0,NONE
4,4,-3.047978696111111,4.625649272222223,1.8939431612962963,1,16439.607912073137,1.0,1,"['Unrealistic transport speed (16439.6 km/h) between step 2 and 3', 'Backward timestamp detected between step 2 and 3']",AG-3451,1,backward_time
2,2,10.158973106666666,10.158973106666666,10.158973106666666,0,14.54014521801992,1.0,1,[],AG-3452,1,skipped_role
4,4,5.822264423333333,9.186027696666667,7.128527148333333,0,25.77836299135313,1.0,1,[],AG-3453,0,NONE
4,4,8.680920611666666,11.132743534444446,9.58355389574074,0,18.39500104643561,1.0,1,[],AG-3454,0,NONE
4,4,7.355198934444445,8.526044967777779,7.933196282407408,0,19.281634068554464,1.0,1,[],AG-3455,0,NONE
4,4,3.2073435758333333,7.605702488611111,4.693014416481481,0,51.25614865816735,1.0,1,[],AG-3456,0,NONE
4,4,3.265478565833333,4.2470851836111105,3.75451619787037,0,38.70797782797297,1.0,1,[],AG-3457,0,NONE
4,4,3.8277285855555556,9.372752166944444,5.997872848518519,0,42.948729369449524,1.0,1,[],AG-3458,0,NONE
4,4,6.9245579063888885,11.517111074999999,9.914267288981481,0,14.274072556058194,1.0,1,[],AG-3459,0,NONE
4,4,3.92605141,11.656841691944445,8.346486104907408,0,30.50274906449069,1.0,1,[],AG-3460,0,NONE
4,4,4.852486227222222,9.49854313861111,7.0840914693518515,0,17.35271827631819,1.0,1,[],AG-3461,0,NONE
4,4,3.968032005833333,6.4474126313888895,5.428060941203704,0,41.430129313235284,1.0,1,[],AG-3462,0,NONE
4,4,7.044630456666667,11.005047174444444,9.474584279814813,0,23.336366631574776,1.0,1,[],AG-3463,0,NONE
4,4,8.43493885861111,11.553402741944444,10.294536808888887,0,15.088758409223198,1.0,1,[],AG-3464,0,NONE
4,4,4.673234024722222,10.281364201666666,7.273026476851851,0,25.625800107589974,1.0,1,[],AG-3465,0,NONE
4,4,3.086696996388889,5.8300760544444445,4.4073767115740745,0,38.79725192126763,1.0,1,[],AG-3466,0,NONE
4,4,8.05476525111111,11.088695765277777,9.766871935555555,0,14.86764135764233,1.0,1,[],AG-3467,0,NONE
4,4,3.9262817430555557,8.471139367777777,5.966619109074074,0,29.87696225011771,1.0,1,[],AG-3468,0,NONE
4,4,6.916850096388889,9.139187297222222,8.290822807592592,0,17.98804136235376,1.0,1,[],AG-3469,0,NONE
4,4,3.4211265961111113,7.445408362777778,5.445424673981481,0,48.05319958273538,1.0,1,[],AG-3470,0,NONE
4,4,0.1,6.445717663611112,4.037016630462963,0,1643.9607912073136,1.0,1,['Unrealistic transport speed (1644.0 km/h) between step 2 and 3'],AG-3471,1,impossible_speed
4,4,5.55929237,10.574785774166667,7.586458417777777,0,18.075470277073016,1.0,1,[],AG-3472,0,NONE
4,4,3.146450628611111,10.468651959444445,6.948047585092593,0,22.74106593931141,1.0,1,[],AG-3473,0,NONE
4,4,3.7179048808333337,9.971520914166668,6.600615336111112,0,44.217397806014745,1.0,1,[],AG-3474,0,NONE
4,4,7.440029618333334,11.855701544166667,9.35520179425926,0,22.096159229747567,1.0,1,[],AG-3475,0,NONE
4,4,4.248609810555555,10.429108769444445,6.564615931296298,0,28.186952041580973,1.0,1,[],AG-3476,0,NONE
4,4,4.531723073055556,11.120488362777778,6.790882891944444,0,34.82645161081124,1.0,1,[],AG-3477,0,NONE
4,4,5.337189219444444,10.812133852222223,8.737939796851853,0,30.801995650033106,1.0,1,[],AG-3478,0,NONE
2,2,8.514755696944444,8.514755696944444,8.514755696944444,0,17.347878141694622,1.0,1,[],AG-3479,1,skipped_role
4,4,4.1365983625,7.146243863333334,5.174237385833333,0,28.950202673566874,1.0,1,[],AG-3480,0,NONE
4,4,5.1647110225,9.014117256666665,7.291567196666667,0,23.187233603546666,1.0,1,[],AG-3481,0,NONE
4,4,5.032474665555555,9.577781225277779,6.661521397685185,0,32.66704554837198,1.0,1,[],AG-3482,0,NONE
4,4,8.935326999722223,10.855850988611111,9.802864165925927,0,18.398440160706155,1.0,1,[],AG-3483,0,NONE
4,4,3.118152961388889,4.945219212777777,3.8685915100925925,0,52.72226255619801,1.0,1,[],AG-3484,0,NONE
4,4,4.877953121944444,8.314707896388889,6.980487587037037,0,19.771720326113833,1.0,1,[],AG-3485,0,NONE
4,4,4.385990326388889,11.227127381944445,7.717906797314815,0,21.801450894373858,1.0,1,[],AG-3486,0,NONE
4,4,7.6211763830555554,10.810729083333333,9.484031667314815,0,21.570958452849784,1.0,1,[],AG-3487,0,NONE
4,4,5.764321018611112,10.828482420833334,8.476083367314814,0,15.181820751211031,1.0,1,[],AG-3488,0,NONE
4,4,-3.904961695,7.777968682777778,3.673542790370371,1,16439.607912073137,1.0,1,"['Unrealistic transport speed (16439.6 km/h) between step 2 and 3', 'Backward timestamp detected between step 2 and 3']",AG-3489,1,backward_time
4,4,4.355580416111111,7.5197135275,6.252852224722223,0,37.7437823240818,1.0,1,[],AG-3490,0,NONE
4,4,3.8803142788888887,9.588014486111112,7.435308166481481,0,18.60190079525806,1.0,1,[],AG-3491,0,NONE
4,4,7.4425460447222225,8.346442486944445,7.851684437685186,0,21.16851761457115,1.0,1,[],AG-3492,0,NONE
4,4,3.4782399391666665,11.630745455555557,6.695067758611111,0,34.42987346129187,1.0,1,[],AG-3493,0,NONE
2,2,5.4791352975,5.4791352975,5.4791352975,0,26.959170784537886,1.0,1,[],AG-3494,1,skipped_role
4,4,4.978994679444445,10.416617914444444,7.310527139444445,0,33.017926249134824,1.0,1,[],AG-3495,0,NONE
4,4,4.832179316388889,9.352680126944446,7.638984119074074,0,18.826652526709847,1.0,1,[],AG-3496,0,NONE
4,4,8.599065149444444,11.170041965833335,9.806974622962962,0,19.11790133737415,1.0,1,[],AG-3497,0,NONE
4,4,4.499809083888889,9.132982363055556,6.540729764629629,0,36.53401201160621,1.0,1,[],AG-3498,0,NONE
4,4,4.597635468611111,6.006487348611111,5.326204170555556,0,35.756658013253364,1.0,1,[],AG-3499,0,NONE
